-- select count(*) from Sale ;


CREATE DATABASE smart_book_store;
USE smart_book_store;

CREATE TABLE Book (
  Book_id INT NOT NULL AUTO_INCREMENT,
  Title VARCHAR(255),
  Isbn VARCHAR(50),
  Price char(20)  ,
  Publish_date varchar(20),
  PRIMARY KEY (Book_id)
);

CREATE TABLE Author (
  Author_id INT NOT NULL AUTO_INCREMENT,
  Author_name VARCHAR(255),
  PRIMARY KEY (Author_id)
);

CREATE TABLE Written_by (
  Book_id INT,
  Author_id INT,
  PRIMARY KEY (Book_id, Author_id),
  FOREIGN KEY (Book_id) REFERENCES Book(Book_id),
  FOREIGN KEY (Author_id) REFERENCES Author(Author_id)
);

CREATE TABLE Category (
  Category_id INT NOT NULL AUTO_INCREMENT,
  Category_name VARCHAR(255),
  PRIMARY KEY (Category_id)
);

CREATE TABLE Belongs_to (
  Book_id INT,
  Category_id INT,
  PRIMARY KEY ( Book_id, Category_id ),
  FOREIGN KEY (Book_id) REFERENCES Book(Book_id),
  FOREIGN KEY (Category_id) REFERENCES Category(Category_id)
);


CREATE TABLE Branch (
  Branch_id INT NOT NULL AUTO_INCREMENT,
  Branch_name VARCHAR(255),
  Address VARCHAR(255),
  PRIMARY KEY (Branch_id)
);

ALTER TABLE Branch
ADD COLUMN Manager_id INT;

ALTER TABLE Branch
ADD CONSTRAINT FOREIGN KEY (Manager_id) REFERENCES Employee(Employee_id);


CREATE TABLE Employee (
  Employee_id INT NOT NULL AUTO_INCREMENT,
  Employee_name VARCHAR(255),
  Role VARCHAR(100),
  Address VARCHAR(255),
  Branch_id INT,
  PRIMARY KEY (Employee_id),
  FOREIGN KEY (Branch_id) REFERENCES Branch(Branch_id)
);


CREATE TABLE Customer (
  Customer_id INT NOT NULL AUTO_INCREMENT,
  Customer_name VARCHAR(255),
  Email VARCHAR(255),
  Phone VARCHAR(50),
  PRIMARY KEY (Customer_id)
);

CREATE TABLE Sale (
  Sale_id INT NOT NULL AUTO_INCREMENT,
  Type VARCHAR(50),
 Sale_date VARCHAR(20),
  Branch_id INT NOT NULL,
  Customer_id INT NOT NULL,
  Employee_id INT NOT NULL,
  PRIMARY KEY (Sale_id),
  FOREIGN KEY (Branch_id) REFERENCES Branch(Branch_id),
  FOREIGN KEY (Customer_id) REFERENCES Customer(Customer_id),
  FOREIGN KEY (Employee_id) REFERENCES Employee(Employee_id)
);

CREATE TABLE SaleLine (
  Saleline_id INT NOT NULL AUTO_INCREMENT,
  Quantity VARCHAR(20),
  Unit_price DECIMAL(10,2),
  Book_id INT,
  Sale_id INT,
  PRIMARY KEY (Saleline_id),
  FOREIGN KEY (Book_id) REFERENCES Book(Book_id),
  FOREIGN KEY (Sale_id) REFERENCES Sale(Sale_id)
);

CREATE TABLE Review (
  Review_id INT NOT NULL AUTO_INCREMENT,
  Rating VARCHAR(5),
  Comment TEXT,
  Customer_id INT,
  Book_id INT,
  PRIMARY KEY (Review_id),
  FOREIGN KEY (Customer_id) REFERENCES Customer(Customer_id),
  FOREIGN KEY (Book_id) REFERENCES Book(Book_id)
);

CREATE TABLE Inventory (
  Inventory_id INT NOT NULL AUTO_INCREMENT,
  Quantity INT,
  Branch_id INT,
  Book_id INT,
  PRIMARY KEY (Inventory_id),
  FOREIGN KEY (Branch_id) REFERENCES Branch(Branch_id),
  FOREIGN KEY (Book_id) REFERENCES Book(Book_id)
);

INSERT INTO Author (Author_name) VALUES
('john   Smith'),
(' dr.mary  Johnson'),
('Li   Wei'),
(''),
('aNNa   MARie'),
('Jean-Luc  Picard'),
('maria  garcía'),
('Robert  Brown'),
('Emily    Davis'),
(' King'),
('chris   neil'),
('samantha  Lopez'),
('william   Zhang'),
('fatima AL   Ali'),
('hans  Müller'),
('Clara  de Souza'),
('ahmed   khaled'),
('  Victoria Hara'),
('  MICHAEL roberts'),
('Lúcia  Fernández'),
('  andrew thomas '),
('Yuki   Tanaka'),
('george    Washington'),
('  ivan   Petrov'),
('Sofia   Rossi'),
('peter   Chan'),
('Hélène   Dubois'),
('david     Clarke'),
('  Carla  Mendes'),
('Francois    Moreau'),
('Markus   Jensen'),
('mohamed  ahmed'),
('Sara     Lee'),
('Jorge   Martínez'),
(''),
('martin   king'),
(''),
('Tariq    Hussain'),
('alexis   kim'),
('chen   long'),
('Brigitte   Laurent'),
('Patricia  Wong'),
('Luís    Costa'),
('andrea   Ricci'),
('Paweł   Nowak'),
(''),
('Omar   Farouk'),
('  Christoph   Schmid'),
('Ayşe   Yılmaz'),
('  Hiroshi   Sato'),
('Elena   Ivanova'),
(''),
('susan  clark'),
('Lars   Johansson'),
('David   O''Connell'),
('roberto  silva'),
('marie   antoinette'),
('Kwame   Mensah'),
(''),
('   Nadia   Petrova'),
('Hassan   Ali'),
('Giulia   Romano'),
('Agnieszka   Kowalska'),
('Fernando   López'),
('Helmut   Schäfer'),
('Sung   Park'),
(''),
('frank   williams'),
('Tomáš   Novák'),
('Nguyen   Van  Anh'),
('Olivia   Walker'),
('abdullah   rashid'),
('Chloe   Evans'),
('Petra   Novak'),
('  Daniel   Müller'),
('Marta   Kowalczyk'),
('Leonardo   Bianchi'),
('  Sarah   Mitchell'),
('paul   evans'),
('   lucy   carter'),
('Thiago   Oliveira'),
('khalid   mahmoud'),
('Noah   White'),
('Sophie   King'),
('felix   meier'),
(''),
(''),
('Miguel   Pérez'),
('Haruto   Suzuki'),
('emma   thompson'),
('Liam   Murphy'),
('   kate   hughes'),
('Nikolai   Smirnov'),
('gabriel   santos'),
('marwan   youssef'),
(''),
('  Zara   Khan'),
('kevin   hall'),
(''),
('yusuf   ismail'),
('Lucas   Ferreira'),
('Amelia   Scott'),
(''),
('Charlotte   Allen'),
('Victor   Morales'),
('Anastasia   Kuznetsova'),
(''),
('Elif   Kaya'),
('Fiona   Bell'),
('Seán   Murphy'),
('Clément   Lefevre'),
(''),
('Nina   Petrovic'),
('Denis   Ivanov'),
('Paula   Sousa'),
('Miguel   Gomes'),
(''),
('Zainab   Abbas'),
('Erik   Hansen'),
('Jonathan   Black'),
('Camila   Herrera'),
('Hassan   Omar'),
('George   Hill'),
('  mattia   conti'),
('Elena   Rossi'),
(''),
('Lucas   Meyer'),
('Aria   Taylor'),
('Ibrahim   Hassan'),
('Nadine   Müller'),
('  Rafael   Almeida'),
('Marcel   Schneider'),
('Hiro   Watanabe'),
('Shin   Yamamoto'),
('Ella   Carter'),
('Said   Rahman'),
('Leon   Becker'),
(''),
('Alejandro   Cruz'),
('Santiago   Torres'),
('Aisha   Yusuf'),
(''),
('Anja   Schmidt'),
('Carmen   Pérez'),
('  Pedro   Morales'),
('Mei   Chen'),
(''),
('Xiang   Zhao'),
('Ming   Hu'),
('Ling   Sun'),
('Cheng   Wu'),
('Liang   Zhou'),
('Wei   Feng'),
('Yuan   Zhu'),
('Tao   Liu'),
('Qiang   Huang'),
('Shu   Lin'),
('Ying   Xu'),
('Zhao   Guo'),
('Kai   Tang'),
('Chao   Ma'),
('Xin   Yang'),
('Jin   Gao'),
('Hui   Han'),
('Bo   Ye'),
('  Feng   Shi'),
('Zhen   Cao'),
('  Yong   He'),
('  Lei   Pan'),
('Yu   Song'),
('Yifan   Luo'),
(' Guang   Xie'),
('Yue   Chen'),
('hao   yang'),
('  Leandro   Mendes'),
('Juliana   Ferreira'),
('Carolina   Lima'),
('Andre   Souza'),
('  Marcelo   Barros'),
('Luana   Castro'),
('Fabio   Martins'),
('Claudia   Rocha'),
('Bruno   Cardoso'),
('Fernanda   Duarte'),
('Rodrigo   Pires'),
('Patricia   Alves'),
('Eduardo   Teixeira'),
('Tatiana   Cunha'),
('Mauricio   Araujo'),
(''),
('Paulo   Barbosa'),
('Isabela   Figueiredo'),
('Renato   Monteiro'),
(''),
('Cesar   Pinto'),
('Mariana   Gomes'),
('Antonio   da Silva'),
('Douglas   Vieira'),
('  Raquel   Andrade'),
(' Felipe   Ramos'),
('Aline   Torres'),
(' Sergio   Nascimento'),
('Ricardo   Correia'),
(''),
('Joao   Almeida'),
('Leticia   Moreira'),
('Thiago   Ribeiro'),
(''),
('  Marcos   Cunha'),
('Alexandre   Costa'),
(' Camila   Silva'),
('MR.  Ahmed    Ali'),
('sofia    lópez'),
('  george  O''Connor'),
('paul  MARTIN'),
('elena   Petrova'),
('Jürgen   Müller'),
('David  Thomas'),
('fatima   khan'),
('noah   Williams'),
('Santiago   Hernández'),
(' Mr  Samuel  Lee'),
('olivia    white'),
(' lucas   Brown'),
('Megan  O''Neil'),
('Ángel   Fernández'),
('peter   Parker'),
('dr. sarah   taylor'),
('Hiroshi    Tanaka'),
('mohamed   salah '),
(' mr.   Robert   Ford'),
('ALICE    JOHNSON'),
('charles   leblanc'),
(' lucía   rodríguez'),
('andrew    Clark'),
('EMMA   Thompson'),
('  victor  hugo'),
('natalia   petrova'),
('mark   spencer'),
('matteo    rossi'),
('ivan   ivanov'),
('benjamin    franklin'),
('tOM   HARPER'),
('emily   brontë'),
('  michel   de montaigne'),
('sebastián   pérez'),
('LUIS   SUÁREZ'),
('anna   kournikova'),
(' Mr.  james   bond'),
(' harry   potter'),
('ron   weasley'),
(' hermione    granger'),
('  frodo   baggins'),
('Samwise    Gamgee'),
('gandalf    the grey'),
(' aragorn   son of arathorn'),
('legolas    greenleaf'),
(' gimli    son of gloin'),
('boromir    of gondor'),
(' mr.   denethor  ii'),
('galadriel   lady of lothlorien'),
('Elrond    half-elven'),
('celebrían    '),
('   thranduil'),
(' tauriel  '),
('Thorin   oakenshield'),
('balin'),
(' dwalin'),
('kili'),
(' fili'),
(' bifur'),
('bofur'),
(' bombur'),
(' bard  the  bowman'),
(' smaug'),
('beorn'),
(' radagast  the  brown'),
('saruman    the  white'),
('sauron'),
('melkor'),
(' morgoth'),
('Feanor'),
('  Fingolfin'),
('Finarfin'),
('Maedhros'),
(' Maglor'),
('Celegorm'),
('Caranthir'),
('Curufin'),
('Amrod'),
('Amras'),
(' thingol'),
('melian'),
(' beren'),
(' luthien'),
(' turin  turambar'),
(' niënor'),
('hurin'),
(' huor'),
('harry potter'),
(' harry   potter '),
('mr harry potter'),
('harry  j. potter'),
('dr harry potter'),
('ron weasley'),
('ronald   weasley'),
('ron weasly'),
('mrs hermione granger'),
('hermione granger'),
('hermione  jean  granger'),
('albus dumbledore'),
('professor  albus dumbledore'),
(' a. dumbledore'),
('draco malfoy'),
('draco    malfoy '),
('d. malfoy'),
('ginny weasley'),
('ginny   weasley'),
('arthur dent'),
('arthur    dent'),
('mr dent'),
('ford prefect'),
('ford  prefect '),
('zaphod beeblebrox'),
(' zaphod beeblebrox '),
('z. beeblebrox'),
('trillian astra'),
('trillian   astra '),
('william turner'),
('william   turner '),
('will turner'),
('elizabeth swann'),
('elizabeth   swann '),
('jack sparrow'),
(' captain jack sparrow'),
('jack   sparrow '),
('george kirk'),
('james   kirk'),
('captain james t. kirk'),
('spock'),
('mr spock'),
('doctor spock'),
('leonard mccoy'),
('dr leonard mccoy'),
('pavel chekov'),
('chekov   pavel'),
('hikaru sulu'),
('nyota uhura'),
('montgomery scott'),
('scotty'),
('mr scotty'),
('jean grey'),
('jean   grey '),
('scott summers'),
('mr scott summers'),
('logan'),
('wolverine'),
('professor x'),
('charles xavier'),
('charles  xavier '),
('erik lensherr'),
('magneto'),
('raven darkholme'),
('mystique'),
('ororo munroe'),
('storm'),
('hank mccoy'),
('beast'),
('bobby drake'),
('iceman'),
('peter rasputin'),
('colossus'),
('kitty pryde'),
('shadowcat'),
('kurt wagner'),
('nightcrawler'),
('alex summers'),
('havok'),
('lorna dane'),
('polaris'),
('emma frost'),
('sebastian shaw'),
('selene gallio'),
('donald pierce'),
('arcade'),
('moira mactaggert'),
('cable'),
('bishop'),
('hope summers'),
('deadpool'),
('vanessa carlysle'),
('weasel'),
('ajax'),
('blind al'),
('dopinder'),
('yukio'),
('negasonic teenage warhead'),
('michael  stone'),
(' dr michael stone'),
('michael   p. stone'),
('lisa clark'),
(' ms lisa clark '),
('lisa   clark '),
('andrew taylor'),
('andrew  m. taylor'),
(' a. taylor '),
('karen white'),
('mrs karen white'),
('karen   l. white'),
('paul anderson'),
('mr paul anderson'),
('paul   anderson'),
('steven king'),
('steven   r. king'),
(' steven king '),
('richard hall'),
('richard   hall'),
('richard  d. hall'),
('patrick evans'),
('patrick  j. evans'),
('p. evans'),
('benjamin cooper'),
('benjamin   cooper '),
('ben cooper'),
('susan  ward'),
(' susan ward'),
('susan   l. ward'),
('victoria   reed'),
('victoria reed'),
('vic reed'),
('jason   morgan'),
('mr jason morgan'),
('jason morgan'),
('thomas   bell'),
(' thomas bell '),
('thomas bell'),
('nicholas clark'),
('nicholas  clark'),
('n. clark'),
('daniel  foster'),
('daniel foster'),
('dan foster'),
('matthew   ross'),
('matthew ross'),
(' matt ross '),
('mark   simmons'),
('mark simmons'),
('mark s. simmons'),
('julie   morris'),
('julie morris'),
('j. morris'),
('carol   bailey'),
('carol bailey'),
('carol   r. bailey'),
('oliver   hughes'),
('oliver hughes'),
('oliver h.'),
('timothy  green'),
('timothy green'),
('tim green'),
('ethan  long'),
('ethan long'),
('e. long'),
('jeremy   scott'),
('jeremy scott'),
('jeremy l. scott'),
('luke   adams'),
('luke adams'),
('l. adams'),
('philip   baker'),
('philip baker'),
('philip m. baker'),
('arthur   mitchell'),
('arthur mitchell'),
('arthur j. mitchell'),
('henry   carter'),
('henry carter'),
('h. carter'),
('samuel   murray'),
('samuel murray'),
('sam murray'),
('george  coleman'),
('george coleman'),
('g. coleman'),
('charles   perry'),
('charles perry'),
('charlie perry'),
('ralph   webb'),
('ralph webb'),
('r. webb'),
('harold   grant'),
('harold grant'),
('h. grant'),
('franklin   jordan'),
('franklin jordan'),
('frank jordan'),
('frederick   lawrence'),
('frederick lawrence'),
('fred lawrence'),
('leonard   spencer'),
('leonard spencer'),
('leo spencer');


INSERT INTO Book ( Title, Isbn, Price, Publish_date) VALUES
( ' The Fault in Our Stars ',             '978-0-593-35713-8',   '£8.99',         '2012-01-10'),
( 'the fault in our stars',                '9780593357138',       '8,99',          '10/01/2012'),
( 'The Da Vinci Code',                     '0307474275',          '$9.95 ',        '2003-03-18'),
( 'Da Vinci Code, The',                    '0307474275',          '$ 9.95',        '18-03-2003'),
( 'Educated: A Memoir',                    '9780399590504',       ' $14.00',       ''),
( 'EDUCATED: A MEMOIR ',                   '0399590501',          '14',            '2018/02/20'),
( ' Becoming',                             '9781524763138',       '17,99',         '11/13/2018'),
( 'Becoming - Special Edition',            '9781524763138',       'EUR 17.99',     '2018-13-11'),
( 'The Girl on the Train',                 '978-0-316-38561-2',   '£7,50',         '2015-01-13'),
( 'GIRL ON TRAIN, THE',                    '9780316385612',       '7.50',          '13/01/2015'),
( 'Sapiens: A Brief History of Humankind', '0099590085',          'USD 12.99',     '2011.06.04'),
( 'sapiens: a brief history of humankind', '9780099590088',       '12,99$',        '04-06-2011'),
( 'Where the Crawdads Sing',               '0735219095',          'N/A',           '2018.08.14'),
( 'where the crawdads sing ',              '9780735219090',       'n/a',           '14/08/2018'),
( 'The Midnight Library',                  '9780525559474',       '13.99$',        '2020-09-29'),
( 'Midnight Library',                      '0525559477',          '$13,99',        '29-09-2020'),
( 'Normal People',                         '9780571334650',       '',              ''),
( 'NORMAL PEOPLE ',                        '0571334652',          'NULL',          'n/a'),
( 'The Alchemist',                         '9780061122415',       '$11.50',        '1988-05-01'),
( 'Alchemist, The',                        '0061122416',          '£11,50',        '01/05/1988'),
( 'A Man Called Ove',                      '9781476738024',       '€9.50',         '2014-07-15'),
( 'a man called ove',                      '1476738025',          '9,50 EUR',      '15/07/2014'),
( 'The Silent Patient',                    '9781250301697',       '14.99',         'Feb-05-2019'),
( 'Silent Patient',                        '1250301696',          'USD14.99',      '05/02/2019'),
( 'Atomic Habits',                         '0735211299',          '$11.98',        '2018-10-16'),
( 'atomic habits ',                        '9780735211292',       '11,98',         '16-10-2018'),
( 'Verity',                                 '9781791392796',       '$13.40',        '2018-12-07'),
( 'VERITY (Collector’s Edition)',          '1791392795',          '13,40€',        '07/12/2018'),
( 'It Ends with Us',                        '9781501110369',       '£9.00',         '2016-08-02'),
( 'It ends With Us - special ed.',          '1501110365',          '9,00',          '02/08/2016'),
( 'The Goldfinch',                          '0316055433',          '12,75',         '2013-10-22'),
( 'Goldfinch, The',                         '9780316055437',       'USD 12.75',     '22/10/2013'),
( 'Circe',                                  '9780316556347',       'USD 15.00',     '2018/04/10'),
( 'CIRCE ',                                 '0316556343',          '$15,00',        '10-04-2018'),
( 'Project Hail Mary',                      '9780593135204',       '£16.00',        ''),
( 'PROJECT HAIL MARY',                      '0593135202',          '16,00',         '04/05/2021'),
( 'All the Light We Cannot See',            '9781476746586',       '10.50',         '2014-05-06'),
( 'all the light we cannot see ',           '1476746583',          '$10,50',        '06/05/2014'),
( 'The Night Circus',                       '9780385534635',       'N/A',           ''),
( 'Night Circus',                           '0385534639',          'n/a',           '13/09/2011'),
('The Winds of Winter ',                  '978-0-553-57340-9',   '£12.99',        '2025-02-14'),
('winds of winter, the',                   '9780553573409',       '12,99',         '14/02/2025'),
('The Martian',                             '978-0-8041-3902-1',   '$9.99 ',        '2014-02-11'),
('martian, THE',                            '0804139024',          '$ 9.99',        '11-02-2014'),
('The Shadow of the Wind',                  '9780143034902',       ' $10.50',       '2001/04/01'),
('shadow of wind',                          '0143034901',          '10,50',         '01/04/2001'),
('The Light Between Oceans',                '9781451681758',       'USD 12.00',     '2012-07-31'),
('light between oceans ',                   '1451681755',          '12,00',         '31-07-2012'),
('The Book Thief',                          '9780375842207',       '£7.80',         '2005.03.14'),
('book thief',                              '0375842209',          '7,80',          '14/03/2005'),
('The Road',                                '9780307387899',       'n/a',           '2006-09-26'),
('road, the',                               '0307387895',          'N/A',           '26-09-2006'),
('Cloud Atlas',                             '9780375507250',       '$15.50',        '2004-08-17'),
('CLOUD ATLAS ',                            '0375507256',          '15,50$',        '17/08/2004'),
('The Pillars of the Earth',                '9780451225245',       '£11.25',        '1989-09-29'),
('pillars of the earth',                    '0451225244',          '11,25£',        '29-09-1989'),
('Life of Pi',                              '9780156027328',       'USD 8.99',      '2001-09-11'),
('LIFE OF PI',                              '0156027321',          '$8,99',         '11/09/2001'),
('Memoirs of a Geisha',                     '9780679781585',       '$10.99',        '1997/09/23'),
('memoirs of geisha',                       '0679781587',          '10,99',         '23-09-1997'),
('Gone Girl',                               '9780307588371',       '€11.00',        '2012-06-05'),
('gone girl ',                              '0307588378',          '11,00€',        '05/06/2012'),
('The Hunger Games',                        '9780439023481',       '$7.99',         '2008-09-14'),
('HUNGER GAMES, THE',                       '0439023483',          '7,99$',         '14-09-2008'),
('Catching Fire',                           '9780439023498',       '£8.50',         '2009-09-01'),
('catching fire ',                          '0439023491',          '8,50',          '01/09/2009'),
('Mockingjay',                              '9780439023511',       'N/A',           '2010-08-24'),
('MOCKINGJAY ',                             '0439023513',          'n/a',           '24-08-2010'),
('The Kite Runner',                         '9781594631931',       '$9.80',         '2003.05.29'),
('kite runner',                             '159463193X',          '9,80',          '29/05/2003'),
('A Thousand Splendid Suns',                '9781594483851',       'USD 11.99',     '2007-05-22'),
('thousand splendid suns',                  '159448385X',          '11,99',         '22-05-2007'),
('Shantaram',                               '9780312330538',       '£14.20',        '2003/10/13'),
('shantaram ',                              '0312330537',          '14,20',         '13-10-2003'),
('The Secret History',                      '9781400031702',       '$13.50',        '1992-09-16'),
('secret history',                          '1400031702',          '13,50',         '16/09/1992'),
('The Name of the Wind',                    '9780756404741',       '£9.99',         '2007-03-27'),
('name of the wind',                        '0756404746',          '9,99',          '27-03-2007'),
('The Wise Man’s Fear',                     '9780756407124',       'USD 12.40',     '2011-03-01'),
('wise mans fear',                          '0756407125',          '12,40',         '01/03/2011'),
('American Gods',                           '9780062572233',       '$11.25',        '2001-06-19'),
('AMERICAN GODS',                           '0062572239',          '11,25',         '19-06-2001'),
('Neverwhere',                              '9780380973636',       '£7.99',         '1996-09-16'),
('neverwhere ',                             '0380973634',          '7,99',          '16/09/1996'),
('Good Omens',                              '9780060853983',       'n/a',           '1990-05-01'),
('GOOD OMENS ',                             '0060853980',          'N/A',           '01-05-1990'),
('Stardust',                                '9780061689246',       '$8.50',         '1999/04/01'),
('stardust',                                '0061689246',          '8,50$',         '01-04-1999'),
('Coraline',                                '9780380807344',       'USD 6.99',      '2002-08-04'),
('coraline ',                               '0380807343',          '6,99',          '04-08-2002'),
('Anansi Boys',                             '9780060515188',       '$9.40',         '2005-09-20'),
('anansi boys ',                            '006051518X',          '9,40',          '20/09/2005'),
('The Graveyard Book',                      '9780060530921',       '£7.50',         '2008.09.30'),
('graveyard book',                          '0060530928',          '7,50',          '30-09-2008'),
('Ocean at the End of the Lane',            '9780062255655',       '£6.99',         '2013/06/18'),
('ocean at end of lane',                    '0062255657',          '6,99',          '18-06-2013'),
('Norse Mythology',                         '9780393609097',       'n/a',           '2017-02-07'),
('NORSE MYTHOLOGY',                         '0393609093',          'N/A',           '07-02-2017'),
('Americanah',                              '9780307455925',       '$10.60',        '2013-05-14'),
('AMERICANAH ',                             '0307455920',          '10,60',         '14/05/2013'),
('Purple Hibiscus',                         '9781616202415',       '$8.99',         '2003-10-30'),
('purple hibiscus',                         '1616202416',          '8,99',          '30/10/2003'),
('Half of a Yellow Sun',                    '9781400095209',       '£9.50',         '2006-08-12'),
('half yellow sun',                         '1400095204',          '9,50',          '12-08-2006'),
('Homegoing',                               '9781101971062',       'USD 10.20',     '2016/06/07'),
('homegoing',                               '1101971061',          '10,20',         '07-06-2016'),
('Transcendent Kingdom',                    '9780525658184',       '$11.00',        '2020-09-01'),
('transcendent kingdom',                    '0525658181',          '11,00',         '01/09/2020'),
('The Vanishing Half',                      '9780525536291',       '£12.30',        '2020.06.02'),
('vanishing half',                          '0525536299',          '12,30',         '02/06/2020'),
('Sing, Unburied, Sing',                     '9781501126062',       '$10.50',        '2017-09-05'),
('sing unburied sing',                       '1501126067',          '10,50',         '05-09-2017'),
('Salvage the Bones',                        '9781608196265',       'USD 9.70',      '2011-08-30'),
('salvage bones',                             '1608196268',          '9,70',          '30-08-2011'),
('Where the Crawdads Sing',                  '9780735219090',       '£7.99',         '2018/08/14'),
('where crawdads sing',                      '0735219095',          '7,99',          '14-08-2018'),
('The Midnight Library',                     '9780525559474',       '$12.99',        '2020-08-13'),
('midnight library',                          '0525559477',          '12,99',         '13/08/2020'),
('Lessons in Chemistry',                     '9780385547344',       '£14.50',        '2022-04-05'),
('lessons chemistry',                         '038554734X',          '14,50',         '05-04-2022'),
('Tomorrow, and Tomorrow, and Tomorrow',     '9780593321201',       '$16.00',        '2022/07/05'),
('tomorrow and tomorrow and tomorrow',        '0593321200',          '16,00',         '05-07-2022'),
('Remarkably Bright Creatures',              '9780063204157',       '£13.80',        '2022-05-03'),
('remarkably bright creatures',               '0063204155',          '13,80',         '03-05-2022'),
('Demon Copperhead',                         '9780063251922',       '$15.60',        '2022.10.18'),
('demon copperhead',                          '0063251922',          '15,60',         '18/10/2022'),
('Trust',                                    '9780393866667',       '£12.00',        '2022/05/03'),
('trust',                                     '0393866660',          '12,00',         '03-05-2022'),
('The Covenant of Water',                    '9780802162175',       'USD 17.00',     '2023-05-02'),
('covenant of water',                         '0802162177',          '17,00',         '02-05-2023'),
('Sea of Tranquility',                       '9780593321447',       '$11.80',        '2022-04-05'),
('sea of tranquility',                        '0593321448',          '11,80',         '05-04-2022'),
('Hell Bent',                                '9781250854513',       '£14.10',        '2023.01.10'),
('hell bent',                                 '1250854518',          '14,10',         '10/01/2023'),
('Happy Place',                              '9780593441275',       '$13.25',        '2023/04/25'),
('happy place',                               '0593441273',          '13,25',         '25-04-2023'),
('Fourth Wing',                              '9781649374042',       '£16.99',        '2023-05-02'),
('fourth wing',                               '1649374046',          '16,99',         '02/05/2023'),
('Iron Flame',                               '9781649374172',       '$17.50',        '2023-11-07'),
('iron flame',                                '1649374178',          '17,50',         '07-11-2023'),
('House of Earth and Blood',                 '9781635574043',       'USD 15.40',     '2020-03-03'),
('house earth blood',                         '1635574048',          '15,40',         '03/03/2020'),
('House of Sky and Breath',                  '9781635574074',       '$16.20',        '2022.02.15'),
('house sky breath',                          '1635574072',          '16,20',         '15-02-2022'),
('Crescent City',                            '9781635577020',       '£15.50',        '2019/09/03'),
('crescent city',                             '1635577021',          '15,50',         '03-09-2019'),
('Throne of Glass',                          '9781619630345',       '$8.99',         '2012-08-07'),
('throne glass',                              '1619630346',          '8,99',          '07/08/2012'),
('Crown of Midnight',                        '9781619630628',       '£9.50',         '2013-08-27'),
('crown midnight',                            '1619630621',          '9,50',          '27-08-2013'),
('Heir of Fire',                             '9781619630659',       '$10.25',        '2014/09/02'),
('heir of fire',                              '1619630656',          '10,25',         '02-09-2014'),
('Queen of Shadows',                         '9781619636040',       '£11.80',        '2015-09-01'),
('queen shadows',                             '1619636046',          '11,80',         '01/09/2015'),
('Empire of Storms',                         '9781619636071',       '$12.60',        '2016.09.06'),
('empire storms',                             '1619636070',          '12,60',         '06-09-2016'),
('Tower of Dawn',                            '9781619636071',       '£13.00',        '2017-09-05'),
('tower dawn',                                '1619636070',          '13,00',         '05-09-2017'),
('Kingdom of Ash',                           '9781619636101',       '$14.50',        '2018/10/23'),
('kingdom ash',                               '1619636100',          '14,50',         '23-10-2018'),
('A Court of Thorns and Roses',              '9781619635180',       '£8.99',         '2015-05-05'),
('court of thorns roses',                     '1619635186',          '8,99',          '05-05-2015'),
('A Court of Mist and Fury',                 '9781619634466',       '$9.80',         '2016-05-03'),
('court mist fury',                           '1619634465',          '9,80',          '03/05/2016'),
('A Court of Wings and Ruin',                '9781619634480',       '£10.25',        '2017.05.02'),
('court wings ruin',                          '1619634481',          '10,25',         '02-05-2017'),
('A Court of Frost and Starlight',           '9781619635203',       '$8.50',         '2018-05-01'),
('court frost starlight',                     '1619635207',          '8,50',          '01/05/2018'),
('A Court of Silver Flames',                 '9781681196282',       '£12.99',        '2021/02/16'),
('court silver flames',                       '1681196282',          '12,99',         '16-02-2021'),
('The Priory of the Orange Tree',            '9781635570298',       '$15.80',        '2019-02-26'),
('priory orange tree',                        '1635570298',          '15,80',         '26/02/2019'),
('A Day of Fallen Night',                    '9781635577921',       '£16.50',        '2023-02-28'),
('day fallen night',                          '1635577924',          '16,50',         '28-02-2023'),
('Babel',                                    '9780063021426',       '$14.99',        '2022.08.23'),
('babel',                                     '0063021420',          '14,99',         '23-08-2022'),
('Yellowface',                               '9780063250833',       '£13.40',        '2023-05-16'),
('yellowface',                                '0063250837',          '13,40',         '16-05-2023'),
('The Atlas Six',                            '9781250774835',       '$12.80',        '2022-03-01'),
('atlas six',                                 '125077483X',          '12,80',         '01/03/2022'),
('The Atlas Paradox',                        '9781250854544',       '£14.20',        '2022-10-25'),
('atlas paradox',                             '1250854542',          '14,20',         '25-10-2022'),
('Legends and Lattes',                       '9781250886088',       '$11.60',        '2022.11.08'),
('legends and lattes',                        '1250886086',          '11,60',         '08-11-2022'),
('Book Lovers',                              '9780593334836',       '£12.50',        '2022-05-03'),
('book lovers',                               '0593334833',          '12,50',         '03/05/2022'),
('Beach Read',                               '9781984806734',       '$11.20',        '2020/05/19'),
('beach read',                                '1984806734',          '11,20',         '19-05-2020'),
('People We Meet on Vacation',               '9781984806758',       '£10.99',        '2021-05-11'),
('people meet on vacation',                   '1984806750',          '10,99',         '11-05-2021'),
('The House in the Cerulean Sea',           '1250217288',          '$14.50',        '2020-03-17'),
('house in cerulean sea, the',              '9781250217288',       '14,50',         '17/03/2020'),
('Malibu Rising',                           '1524798657',          '£12.99',        '2021-06-01'),
('MALIBU rising',                           '9781524798659',       '12,99€',        '01-06-2021'),
('The Midnight Library',                    '0525559477',          'USD 11.25',     '2020-08-13'),
('midnight library, the',                   '9780525559474',       '11,25',         '13/08/2020'),
('Project Hail Mary',                        '0593135202',          '$18.75',        '2021-05-04'),
('PROJECT hail MARY',                        '9780593135204',       '18,75',         '04-05-2021'),
('A Court of Silver Flames',                 '168119628X',          '£15.80',        '2021-02-16'),
('court of silver flames, a',                 '9781681196282',       '15,80',         '16/02/2021'),
('The Invisible Life of Addie LaRue',        '0765387565',          'EUR 13.50',     '2020-10-06'),
('invisible life of addie larue, the',       '9780765387561',       '13,50',         '06-10-2020'),
('The Last Thing He Told Me',                '1501171348',          'USD 14.99',     '2021-05-04'),
('last thing he told me, the',               '9781501171346',       '14,99',         '04/05/2021'),
('It Ends With Us',                          '1501110365',          '$9.99',         '2016-08-02'),
('it ends with us',                          '9781501110369',       '9,99',          '02-08-2016'),
('Reminders of Him',                         '1542025605',          '£10.25',        '2022-01-18'),
('REMINDERS of him',                         '9781542025607',       '10,25',         '18/01/2022'),
('Things We Never Got Over',                 'B09QH2D5WB',          'USD 11.50',     '2022-01-13'),
('things we never got over',                 '978B09QH2D5WB',       '11,50',         '13-01-2022'),
('Verity',                                   'B07HJYTRMD',          '$8.75',         '2018-12-07'),
('VERITY',                                   '978B07HJYTRMD',       '8,75',          '07/12/2018'),
('Ugly Love',                                '1476753180',          '£7.25',         '2014-08-05'),
('ugly love',                                '9781476753188',       '7,25',          '05-08-2014'),
('November 9',                               '1501110349',          'EUR 6.99',      '2015-11-10'),
('november 9',                               '9781501110345',       '6,99',          '10/11/2015'),
('Before We Were Strangers',                 '1501105772',          '$10.50',        '2015-08-18'),
('BEFORE we were strangers',                 '9781501105778',       '10,50',         '18-08-2015'),
('Regretting You',                           '1542016428',          '£9.25',         '2019-12-10'),
('regretting you',                           '9781542016421',       '9,25',          '10/12/2019'),
('Daisy Jones & The Six',                   '1524798622',          '14.50',         '05/03/2019'),
('daisy jones and the six ',                 '9781524798628',       '14,50 USD',     '2019-03-05'),
('The Seven Husbands of Evelyn Hugo',        '1501161938',          '$11.00',        '13-06-2017'),
(' seven husbands of evelyn hugo, the',      '9781501161933',       '11,00',         '2017/06/13'),
('Lessons in Chemistry',                     '038554734X',          '15.20',         '05-04-2022'),
('LESSONS   IN   CHEMISTRY',                  '9780385547345',       '15,20 EUR',     '2022.04.05'),
('The Book Thief',                           '0375842209',          'USD 12.99',     '2005-03-14'),
(' book thief, the ',                         '9780375842207',       '12,99',         '14/03/2005'),
('Tomorrow, and Tomorrow, and Tomorrow',     '0593321200',          '$14.99',        '12-07-2022'),
('TOMORROW AND TOMORROW AND TOMORROW ',      '9780593321201',       '14,99',         '2022/07/12'),
('Remarkably Bright Creatures',              '0063204150',          '13.45$',        '03-05-2022'),
('remarkably bright   creatures',            '9780063204151',       '13,45',         '2022.05.03'),
('A Little Life',                            '0804172706',          '16,00',         '10/03/2015'),
(' a little   life ',                         '9780804172707',       '$16.00',        '2015-03-10'),
('Fourth Wing',                              '1649374046',          '17.99',         '02-05-2023'),
('FOURTH   WING',                             '9781649374042',       '17,99',         '2023/05/02'),
('Book Lovers',                              '0593334833',          '10,50',         '03/05/2022'),
(' book lovers ',                             '9780593334836',       'USD 10.50',     '2022-05-03'),
('Happy Place',                              '0593441273',          '15,00',         '25/04/2023'),
('HAPPY  PLACE',                              '9780593441275',       '$15.00',        '2023.04.25'),
('Shatter Me',                               '0062085484',          '9,99',          '15/11/2011'),
('shatter me ',                               '9780062085486',       '9.99$',         '2011-11-15'),
('Restore Me',                               '0062676342',          '10.99',         '06-03-2018'),
(' restore me',                               '9780062676349',       '10,99',         '2018/03/06'),
('Defy Me',                                  '0062676393',          '11.20',         '02/04/2019'),
('DEFY  ME ',                                 '9780062676394',       '$11.20',        '2019-04-02'),
('Imagine Me',                               '0062676423',          '12,50',         '31-03-2020'),
(' imagine me ',                              '9780062676424',       'USD 12.50',     '2020/03/31'),
('The House in the Cerulean Sea',            '1250217288',          '14.75',         '17/03/2020'),
('house in cerulean sea, the',                '9781250217288',       '14,75$',        '2020-03-17'),
('Under the Whispering Door',                '1250217342',          '15.50',         '21-09-2021'),
(' under the whispering door ',               '9781250217349',       '15,50 EUR',     '2021/09/21'),
('Legends & Lattes',                         '1250886086',          '13.99',         '22-02-2022'),
(' legends and lattes ',                      '9781250886088',       '13,99$',        '2022/02/22'),
('The Love Hypothesis',                      '0593336828',          '11.25',         '14-09-2021'),
('LOVE   HYPOTHESIS, THE',                    '9780593336823',       '11,25',         '2021-09-14'),
('Love, Theoretically',                      '0593336844',          '12.80',         '13/06/2023'),
('love, theoretically ',                      '9780593336847',       '12,80$',        '2023/06/13'),
('People We Meet on Vacation',               '1984806750',          '10.99',         '11-05-2021'),
('PEOPLE meet on vacation',                   '9781984806758',       '10,99$',        '2021.05.11'),
('Things We Never Got Over',                 'B09QV2B9W9',          '14.50',         '13-01-2022'),
('things we never got over',                  '9798985835954',       '14,50',         '2022/01/13'),
('Things We Hide from the Light',            'B0BCHTJ2W6',          '15.25',         '21/02/2023'),
(' things we hide from the light',            '9798985835992',       '15,25$',        '2023-02-21'),
('The Inheritance Games',                    '0759555400',          '$10.75',        '01/09/2020'),
('inheritance games, the ',                   '9780759555402',       '10,75',         '2020-09-01'),
('The Hawthorne Legacy',                     '0759555419',          '11.50',         '07/09/2021'),
(' hawthorne legacy, the',                     '9780759555419',       '11,50$',        '2021/09/07'),
('The Final Gambit',                         '0316370959',          '$12.20',        '30-08-2022'),
(' final gambit, the',                        '9780316370950',       '12,20',         '2022-08-30'),
('Malibu Rising',                             '1524798657',          '13.75',         '01-06-2021'),
('malibu   rising ',                           '9781524798659',       '$13,75',        '2021/06/01'),
('Carrie Soto Is Back',                       '0593158687',          '14.20',         '30/08/2022'),
('CARRIE SOTO IS BACK',                        '9780593158684',       '14,20$',        '2022-08-30'),
('One Italian Summer',                        '1982166797',          '$12.50',        '01-03-2022'),
('one italian summer ',                        '9781982166793',       '12,50',         '2022/03/01'),
('Part of Your World',                         '125027321X',          '11.75',         '19/04/2022'),
('part of your world',                         '9781250273215',       '$11,75',        '2022.04.19'),
('Yours Truly',                                '1250833523',          '10.99',         '11/04/2023'),
(' yours truly ',                              '9781250833525',       '10,99$',        '2023/04/11'),
('The Charm Offensive',                        '1982170714',          '13.00',         '07-09-2021'),
('charm offensive, the',                       '9781982170714',       '13,00',         '2021-09-07'),
('Red, White & Royal Blue',                    '1250316774',          '11.40',         '14/05/2019'),
('RED WHITE AND ROYAL BLUE',                   '9781250316776',       '$11,40',        '2019.05.14'),
('Something Wilder',                           '0593336488',          '12.80',         '17-05-2022'),
(' something wilder',                          '9780593336488',       '12,80$',        '2022/05/17'),
('The Spanish Love Deception',                 '1668002523',          '14.50',         '23/02/2021'),
('SPANISH LOVE DECEPTION, THE',                '9781668002520',       '14,50',         '2021-02-23'),
('The American Roommate Experiment',           '1668002787',          '13.60',         '06/09/2022'),
('american roommate experiment, the',          '9781668002780',       '$13,60',        '2022.09.06'),
('The Do-Over',                                '0593481544',          '11.30',         '14-02-2023'),
(' the do-over',                               '9780593481549',       '11,30$',        '2023-02-14'),
('Better Than the Movies',                     '0063056995',          '10.80',         '18/05/2021'),
('better than the movies ',                    '9780063056997',       '$10,80',        '2021/05/18'),
('Field Notes on Love',                        '0399559412',          '9.99',          '05-03-2019'),
('field notes   on love',                      '9780399559419',       '9,99$',         '2019-03-05'),
('The Soulmate Equation',                      '1984801732',          '12.25',         '18/05/2021'),
('SOULMATE EQUATION, THE',                     '9781984801739',       '12,25$',        '2021.05.18'),
('The True Love Experiment',                   '1984812583',          '12.95',         '16/05/2023'),
('true love experiment, the',                  '9781984812582',       '$12,95',        '2023/05/16'),
('Every Summer After',                         '0593438534',          '11.60',         '10-05-2022'),
('every summer after ',                        '9780593438536',       '11,60$',        '2022.05.10'),
('Meet Me at the Lake',                        '0593438542',          '13.30',         '02/05/2023'),
(' meet me at the lake',                       '9780593438543',       '$13,30',        '2023-05-02'),
('It Ends with Us',                            '1501110365',          '10.99',         '02-08-2016'),
(' it ends with us ',                          '9781501110368',       '10,99$',        '2016.08.02'),
('It Starts with Us',                          '1668001225',          '11.50',         '18/10/2022'),
(' it starts with us',                         '9781668001226',       '$11,50',        '2022-10-18'),
('Ugly Love',                                  '1476753180',          '9.80',          '05/08/2014'),
('UGLY   LOVE',                                '9781476753188',       '9,80$',         '2014/08/05'),
('Verity',                                     '1791392792',          '12.40',         '07-12-2018'),
('verity ',                                    '9781791392796',       '$12,40',        '2018.12.07'),
('Reminders of Him',                           '1542025605',          '13.50',         '18/01/2022'),
(' reminders of him',                          '9781542025607',       '13,50$',        '2022/01/18'),
('November 9',                                 '1501110349',          '10.20',         '10-11-2015'),
(' november 9',                                '9781501110344',       '$10,20',        '2015-11-10'),
('Confess',                                    '1476791457',          '9.70',          '10/03/2015'),
('confess ',                                   '9781476791456',       '9,70$',         '2015/03/10'),
('Without Merit',                              '1501170627',          '11.10',         '03-10-2017'),
('without merit ',                             '9781501170621',       '$11,10',        '2017-10-03'),
('Regretting You',                             '1542016428',          '12.00',         '10/12/2019'),
('regretting you',                             '9781542016421',       '12,00$',        '2019.12.10'),
('Heart Bones',                                'B08C6KX2G1',          '10.90',         '19-08-2020'),
('heart bones ',                               '9781542000178',       '$10,90',        '2020/08/19'),
('Maybe Someday',                              '1476753164',          '9.99',          '18/03/2014'),
('maybe someday',                              '9781476753164',       '9,99$',         '2014.03.18'),
('Maybe Not',                                  '1476799846',          '8.80',          '24/11/2014'),
('maybe not ',                                 '9781476799841',       '$8,80',         '2014-11-24'),
('Finding Cinderella',                         '1476783284',          '7.75',          '14/11/2013'),
('finding cinderella ',                        '9781476783284',       '7,75$',         '2013.11.14'),
('Finding Perfect',                            '1476799847',          '6.50',          '13-10-2015'),
('finding perfect',                            '9781476799843',       '$6,50',         '2015/10/13'),
('Hopeless',                                   '147674355X',          '8.99',          '19-12-2012'),
('hopeless ',                                  '9781476743556',       '8,99$',         '2012.12.19'),
('Losing Hope',                                '147674355Y',          '8.75',          '08/07/2013'),
('losing hope',                                '9781476743557',       '$8,75',         '2013/07/08'),
('Finding Hope',                               '147674355Z',          '7.99',          '12-06-2014'),
('finding hope',                               '9781476743558',       '7,99$',         '2014.06.12'),
('Layla',                                      '1542000173',          '10.50',         '08-12-2020'),
('layla ',                                     '9781542000170',       '$10,50',        '2020/12/08'),
('The Perfect Couple',                         '0316418083',          '12.99',         '18/06/2018'),
('perfect couple, the',                        '9780316418089',       '12,99$',        '2018.06.18'),
('Golden Girl',                                '031642008X',          '13.40',         '01-06-2021'),
('golden girl',                                '9780316420082',       '$13,40',        '2021.06.01'),
('Winter in Paradise',                         '0316434984',          '11.75',         '09/10/2018'),
('winter in paradise ',                        '9780316434980',       '11,75$',        '2018/10/09'),
('What Happens in Paradise',                   '0316434992',          '12.10',         '08-10-2019'),
('what happens in paradise',                   '9780316434997',       '$12,10',        '2019-10-08'),
('Troubles in Paradise',                       '0316435018',          '12.30',         '06/10/2020'),
('troubles in paradise',                       '9780316435017',       '12,30$',        '2020.10.06'),
('28 Summers',                                 '0316420047',          '13.80',         '16-06-2020'),
('28 summers ',                                '9780316420044',       '$13,80',        '2020/06/16'),
('The Hotel Nantucket',                        '0316258673',          '14.20',         '14/06/2022'),
('hotel nantucket, the',                       '9780316258678',       '14,20$',        '2022.06.14'),
('Beautiful Ruins',                            '006192817X',          '11.40',         '10/04/2012'),
('beautiful ruins ',                           '9780061928173',       '$11,40',        '2012.04.10'),
('The Giver of Stars',                         '0399562486',          '12.60',         '08-10-2019'),
('giver of stars, the',                        '9780399562488',       '12,60$',        '2019-10-08'),
('Me Before You',                              '0143124544',          '10.90',         '31/12/2012'),
('me before you ',                             '9780143124542',       '$10,90',        '2012.12.31'),
('After You',                                  '0143108867',          '11.00',         '29/09/2015'),
('after you ',                                 '9780143108863',       '$11,00',        '2015.09.29'),
('Still Me',                                   '0399562451',          '11.75',         '23/01/2018'),
('still me ',                                  '9780399562457',       '$11,75',        '2018-01-23'),
('The Last Letter from Your Lover',            '0143121103',          '9.99',          '26/07/2011'),
('last letter from your lover, the',           '9780143121108',       '$9,99',         '2011/07/26'),
('The Girl You Left Behind',                   '014312682X',          '10.20',         '20-08-2013'),
('girl you left behind, the',                  '9780143126820',       '$10,20',        '2013.08.20'),
('Paris for One and Other Stories',            '0735221077',          '8.75',          '18/10/2016'),
('paris for one and other stories',            '9780735221079',       '$8,75',         '2016.10.18'),
('The Paper Palace',                       '9780593329825',       '£8.50',        '2021-07-06'),
('PAPER PALACE',                            '0593329823',          '8,50',         '06/07/2021'),
('A Little Life',                           '9780804172707',       '$14.95',       '2015/03/10'),
('a little life ',                          '0804172706',          '14,95$',       '10-03-2015'),
('The Seven Husbands of Evelyn Hugo',       '9781501161934',       'EUR 9.75',     '2017-06-13'),
('seven husbands of evelyn hugo',           '1501161938',          '9,75',         '13/06/2017'),
('The Song of Achilles',                    '9780062060624',       '£7.20',        '2011-09-20'),
('SONG OF ACHILLES, THE',                   '0062060627',          '7,20',         '20/09/2011'),
('Lessons in Chemistry',                    '9780385547345',       '15.00',        '2022-04-05'),
('lessons in chemistry ',                   '038554734X',          '$15,00',       '05/04/2022'),
('Klara and the Sun',                        '9780593318171',       'USD 12.99',    '2021-03-02'),
('KLARA & THE SUN',                          '059331817X',          '12,99',        '02/03/2021'),
('Tomorrow, and Tomorrow, and Tomorrow',    '9780593321201',       '13,99$',       '2022.07.05'),
('tomorrow and tomorrow and tomorrow',      '0593321200',          '€13.99',       '05-07-2022'),
('Beautiful World, Where Are You',           '9780374602604',       '11.49',        '2021-09-07'),
('BEAUTIFUL WORLD WHERE ARE YOU',            '0374602603',          '$11,49',       '07/09/2021'),
('The Paris Library',                        '9781982134198',       '9,99',         '2021/02/09'),
('paris library',                            '1982134194',          '£9.99',        '09-02-2021'),
('Malibu Rising',                            '9781524798659',       '10.25',        '2021-06-01'),
('MALIBU RISING ',                           '1524798657',          '10,25',        '01/06/2021'),
('Wish You Were Here',                       '9781984818416',       '8.00',         '2021-11-30'),
('wish you were here',                       '1984818414',          '$8,00',        '30-11-2021'),
('Book Lovers',                              '9780593334836',       '12.99',        '2022-05-03'),
('BOOK LOVERS ',                             '0593334833',          '12,99',        '03/05/2022'),
('Carrie Soto Is Back',                      '9780593158685',       '9,80',         '2022-08-30'),
('CARRIE SOTO IS BACK',                      '0593158687',          'USD 9.80',     '30/08/2022'),
('Reminders of Him',                         '9781542025607',       '8,25',         '2022-01-18'),
('REMINDERS OF HIM ',                        '1542025605',          '8.25$',        '18-01-2022'),
('Ugly Love',                                '9781476753188',       '£6.99',        '2014-08-05'),
('ugly love',                                '1476753180',          '6,99',         '05/08/2014'),
('Hopeless',                                 '9781476743554',       '7.50',         '2012-12-19'),
('HOPELESS ',                                '147674355X',          '7,50',         '19-12-2012'),
('Losing Hope',                              '9781476746555',       '6,75',         '2013-07-08'),
('losing hope',                              '1476746559',          '$6.75',        '08/07/2013'),
('Confess',                                  '9781476791456',       '8,00',         '2015-03-10'),
('CONFESS ',                                 '1476791453',          '8,00 USD',     '10/03/2015'),
('November 9',                               '9781501110344',       '7.20',         '2015-11-10'),
('november 9',                               '1501110349',          '7,20',         '10-11-2015'),
('Without Merit',                            '9781501170621',       '9.99',         '2017-10-03'),
('WITHOUT MERIT ',                           '1501170627',          '$9,99',        '03/10/2017'),
('Regretting You',                           '9781542016421',       '10.00',        '2019-12-10'),
('regretting you',                           '1542016428',          '€10.00',       '10-12-2019'),
('Heart Bones',                              '9781713543513',       '8,15',         '2020-08-19'),
('heart bones',                              '1713543514',          '8.15$',        '19/08/2020'),
('Layla',                                    '9781542000178',       '7,95',         '2020-12-08'),
('LAYLA ',                                   '1542000177',          '$7.95',        '08-12-2020'),
('Verity: Special Edition',                  '9781791392796',       '13.40$',       '2018-12-07'),
('verity special edition',                   '1791392795',          '13,40€',       '07/12/2018'),
('Finding Cinderella',                       '9781476754132',       '6.20',         '2013-11-05'),
('FINDING CINDERELLA',                       '1476754133',          '6,20',         '05-11-2013'),
('Finding Perfect',                         '9781501115677',       '6,50',         '2015-11-01'),
('FINDING PERFECT ',                         '1501115677',          '$6.50',        '01/11/2015'),
('Point of Retreat',                         '9781476715904',       '7.00',         '2012-09-18'),
('point of retreat',                         '1476715904',          '7,00',         '18/09/2012'),
('Slammed',                                  '9781476715904',       '7.10',         '2012-01-05'),
('SLAMMED ',                                 '1476715904',          '$7,10',        '05/01/2012'),
('Maybe Someday',                            '9781476753166',       '8.30',         '2014-03-18'),
('maybe someday ',                           '1476753164',          '8,30',         '18-03-2014'),
('Maybe Not',                                '9781476756372',       '6.80',         '2014-11-24'),
('MAYBE NOT',                                '1476756376',          '$6.80',        '24-11-2014'),
('It Ends With Us: Special Edition',         '9781668021043',       '12,99',        '2022-10-18'),
('it ends with us special edition',          '1668021048',          '12,99$',       '18/10/2022'),
('It Starts With Us',                        '9781668001229',       '14.00',        '2022-10-18'),
('IT STARTS WITH US ',                       '1668001225',          '€14,00',       '18-10-2022'),
('Reminders of Him: Collectors Edition',     '9781542025591',       '15,50',        '2022-01-18'),
('reminders of him collectors edition',      '1542025591',          '15,50$',       '18/01/2022'),
('All Your Perfects',                        '9781501193323',       '10.25',        '2018-07-17'),
('ALL YOUR PERFECTS',                        '1501193325',          '$10.25',       '17/07/2018'),
('The Summer I Turned Pretty',               '9781416968290',       '8.90',         '2009-04-06'),
('summer i turned pretty',                   '1416968296',          '8,90',         '06/04/2009'),
('It’s Not Summer Without You',              '9781416995555',       '8,95',         '2010-04-27'),
('ITS NOT SUMMER WITHOUT YOU',               '1416995552',          '$8.95',        '27-04-2010'),
('We’ll Always Have Summer',                 '9781442435018',       '9.20',         '2011-04-26'),
('WELL ALWAYS HAVE SUMMER ',                 '1442435014',          '9,20',         '26/04/2011'),
('To All the Boys I’ve Loved Before',        '9781442426719',       '8.75',         '2014-04-15'),
('to all the boys ive loved before',         '1442426713',          '$8.75',        '15-04-2014'),
('P.S. I Still Love You',                    '9781442426733',       '8.85',         '2015-05-26'),
('P S I STILL LOVE YOU ',                    '144242673X',          '$8.85',        '26/05/2015'),
('Always and Forever, Lara Jean',            '9781481430488',       '9,15',         '2017-05-02'),
('always and forever lara jean',             '1481430485',          '9.15$',        '02-05-2017'),
('Turtles All the Way Down',                 '9780525555360',       '11.40',        '2017-10-10'),
('turtles all the way down',                 '0525555366',          '$11,40',       '10/10/2017'),
('An Abundance of Katherines',               '9780142410707',       '8.60',         '2008-09-21'),
('an abundance of katherines',               '0142410705',          '8,60',         '21/09/2008'),
('Paper Towns',                              '9780142414934',       '7.99',         '2009-10-16'),
('PAPER TOWNS ',                             '014241493X',          '$7.99',        '16/10/2009'),
('Looking for Alaska',                       '9780142402511',       '7,50',         '2005-03-03'),
('looking for alaska',                       '0142402516',          '$7,50',        '03-03-2005'),
('Will Grayson, Will Grayson',               '9780142418475',       '8.40',         '2010-04-06'),
('will grayson will grayson',                '0142418471',          '8,40',         '06/04/2010'),
('Let It Snow',                              '9780147515674',       '8.35',         '2008-10-02'),
('let it snow',                              '014751567X',          '8,35',         '02/10/2008'),
('The Fault in Our Stars',                   '9780142424179',       '9.00',         '2012-01-10'),
('FAULT IN OUR STARS, THE',                  '014242417X',          '$9.00',        '10-01-2012'),
('Looking for Group',                        '9780062403162',       '6.95',         '2015-03-24'),
('looking for group',                        '0062403164',          '6,95',         '24/03/2015'),
('Simon vs. the Homo Sapiens Agenda',        '9780062348678',       '8.70',         '2015-04-07'),
('simon vs the homo sapiens agenda',         '0062348671',          '$8.70',        '07-04-2015'),
('Leah on the Offbeat',                      '9780062643803',       '8.60',         '2018-04-24'),
('LEAH ON THE OFFBEAT',                      '0062643800',          '$8,60',        '24-04-2018'),
('Love, Creekwood',                          '9780062979230',       '6,20',         '2020-06-30'),
('LOVE CREEKWOOD',                           '0062979233',          '$6.20',        '30-06-2020'),
('They Both Die at the End',                 '9780062457790',       '10,90',        '2017-09-05'),
('they both die at the end',                 '0062457799',          '$10.90',       '05/09/2017'),
('The First to Die at the End',              '9780063270886',       '12.00',        '2022-10-04'),
('the first to die at the end',              '0063270881',          '12,00',        '04-10-2022'),
('History Is All You Left Me',               '9781616958732',       '9,75',         '2017-01-17'),
('history is all you left me',               '1616958732',          '$9.75',        '17/01/2017'),
('More Happy Than Not',                      '9781616956776',       '9,50',         '2015-06-02'),
('MORE HAPPY THAN NOT',                      '1616956772',          '9,50$',        '02-06-2015'),
('Infinity Son',                             '9780062882288',       '11.30',        '2020-01-14'),
('infinity son',                             '0062882286',          '$11.30',       '14-01-2020'),
('Infinity Reaper',                          '9780062882318',       '11,50',        '2021-03-02'),
('infinity reaper',                          '0062882316',          '€11,50',       '02-03-2021'),
('Here’s to Us',                             '9780063071643',       '9.95',         '2021-12-28'),
('heres to us',                              '0063071642',          '$9.95',        '28/12/2021'),
('What If It’s Us',                          '9780062795250',       '9.80',         '2018-10-09'),
('what if its us',                           '0062795252',          '9.80$',        '09/10/2018'),
('Yes No Maybe So',                          '9780062937049',       '9,20',         '2020-02-04'),
('YES NO MAYBE SO',                          '0062937049',          '$9.20',        '04/02/2020'),
('A Cuban Girl’s Guide to Tea and Tomorrow', '9781534471245',       '9,40',         '2020-11-10'),
('a cuban girls guide to tea and tomorrow',  '1534471246',          '$9.40',        '10/11/2020'),
('A Pho Love Story',                         '9781534441934',       '9,60',         '2021-02-09'),
('A PHO LOVE STORY',                         '1534441934',          '€9,60',        '09/02/2021'),
('Better Than the Movies',                   '9780063072053',       '9.50',         '2021-05-18'),
('better than the movies',                   '0063072053',          '$9.50',        '18-05-2021'),
('See You Yesterday',                        '9781250766640',       '9.55',         '2022-05-03'),
('see you yesterday',                        '1250766640',          '$9.55',        '03/05/2022'),
('Today Tonight Tomorrow',                   '9781250765254',       '9,35',         '2020-07-28'),
('TODAY TONIGHT TOMORROW',                   '1250765253',          '$9.35',        '28-07-2020'),
('Serpent & Dove',                           '9780062878021',       '10.40',        '2019-09-03'),
('serpent and dove',                         '0062878029',          '$10.40',       '03-09-2019'),
('Blood & Honey',                            '9780062878038',       '10,60',        '2020-09-01'),
('blood and honey',                          '0062878037',          '€10,60',       '01-09-2020'),
('Gods & Monsters',                          '9780062878052',       '10.80',        '2021-07-27'),
('gods and monsters',                        '0062878053',          '$10.80',       '27/07/2021'),
('The Nature of Witches',                    '9781728221682',       '9,25',         '2021-06-01'),
('the nature of witches',                    '1728221680',          '$9.25',        '01-06-2021'),
('Wild is the Witch',                        '9781728253478',       '9.30',         '2022-08-02'),
('wild is the witch',                        '1728253476',          '$9.30',        '02-08-2022'),
('Practical Magic',                          '9780425190371',       '8.90',         '1995-09-13'),
('practical magic',                          '0425190372',          '$8.90',        '13/09/1995'),
('The Rules of Magic',                       '9781501137471',       '9,10',         '2017-10-10'),
('the rules of magic',                       '1501137476',          '$9.10',        '10/10/2017'),
('Magic Lessons',                            '9781982108847',       '9,15',         '2020-10-06'),
('magic lessons',                            '1982108848',          '$9.15',        '06-10-2020'),
('The Book of Magic',                        '9781982176938',       '9.35',         '2021-10-12'),
('the book of magic',                        '1982176939',          '$9.35',        '12/10/2021'),
('Midnight at the Blackbird Café',           '9780451490634',       '8.85',         '2019-07-16'),
('midnight at the blackbird cafe',           '0451490634',          '$8.85',        '16/07/2019'),
('The Firekeeper’s Daughter',                '9781250766565',       '10.75',        '2021-03-16'),
('the firekeepers daughter',                 '125076656X',          '$10.75',       '16/03/2021'),
('Warrior Girl Unearthed',                   '9781258766572',       '10.90',        '2023-05-02'),
('warrior girl unearthed',                   '1258766571',          '$10.90',       '02-05-2023'),
('Legends & Lattes',                         '9781250886087',       '9,40',         '2022-02-22'),
('legends and lattes',                       '1250886081',          '$9.40',        '22/02/2022'),
('Bookshops & Bonedust',                     '9781250886094',       '9.45',         '2023-11-07'),
('bookshops and bonedust',                   '125088609X',          '$9.45',        '07-11-2023'),
('The House in the Cerulean Sea',            '9781250217287',       '10.50',        '2020-03-17'),
('the house in the cerulean sea',            '1250217288',          '$10.50',       '17-03-2020'),
('Under the Whispering Door',                '9781250217348',       '10.60',        '2021-09-21'),
('under the whispering door',                '1250217342',          '$10.60',       '21/09/2021'),
('In the Lives of Puppets',                  '9781250217393',       '10.70',        '2023-04-25'),
('in the lives of puppets',                  '1250217393',          '$10.70',       '25-04-2023'),
('Cemetery Boys',                            '9781250250468',       '9,55',         '2020-09-01'),
('cemetery boys',                            '1250250463',          '$9.55',        '01/09/2020'),
('Lost in the Never Woods',                  '9781250313958',       '9.60',         '2021-03-23'),
('lost in the never woods',                  '1250313956',          '$9.60',        '23-03-2021'),
('Dark and Deepest Red',                     '9781250162747',       '9.50',         '2020-01-07'),
('dark and deepest red',                     '1250162747',          '$9.50',        '07/01/2020'),
('Each of Us a Desert',                      '9781250169210',       '9,45',         '2020-09-15'),
('each of us a desert',                      '1250169211',          '$9.45',        '15/09/2020'),
('When the Moon Was Ours',                   '9781250058668',       '9.40',         '2016-10-04'),
('when the moon was ours',                   '125005866X',          '$9.40',        '04/10/2016'),
('The Weight of Feathers',                   '9781250058651',       '9.30',         '2015-09-15'),
('the weight of feathers',                   '1250058651',          '$9.30',        '15-09-2015'),
('Blanca & Roja',                            '9781250162716',       '9,25',         '2018-10-09'),
('blanca and roja',                          '1250162717',          '$9.25',        '09/10/2018'),
('Wild Beauty',                              '9781250094963',       '9.20',         '2017-10-03'),
('wild beauty',                              '1250094969',          '$9.20',        '03-10-2017'),
('A Million Junes',                          '9781250094475',       '9.10',         '2017-05-16'),
('a million junes',                          '1250094470',          '$9.10',        '16/05/2017'),
('The Strange and Beautiful Sorrows of Ava Lavender', '9780763665661', '9.00', '2014-03-25'),
('the strange and beautiful sorrows of ava lavender', '0763665665', '$9.00', '25/03/2014'),
('The Inexplicable Logic of My Life',        '9780544586505',       '9.15',         '2017-03-07'),
('the inexplicable logic of my life',        '0544586506',          '$9.15',        '07-03-2017'),
('Aristotle and Dante Dive into the Waters of the World', '9781534496194', '10.50', '2021-10-12'),
('aristotle and dante dive into the waters of the world', '153449619X', '$10.50', '12/10/2021'),
('Aristotle and Dante Discover the Secrets of the Universe', '9781442408937', '9.80', '2012-02-21'),
('aristotle and dante discover the secrets of the universe', '1442408936', '$9.80', '21/02/2012'),
('Firekeeper’s Daughter Special Edition',    '9781250766570',       '10.95',        '2024-01-16'),
('firekeepers daughter special edition',     '1250766578',          '$10.95',       '16-01-2024'),
('Delilah Green Doesn’t Care',               '9781728255861',       '9.55',         '2022-02-22'),
('delilah green doesnt care',                '172825586X',          '$9.55',        '22/02/2022'),
('Astrid Parker Doesn’t Fail',               '9781728255922',       '9.65',         '2022-11-22'),
('astrid parker doesnt fail',                '1728255924',          '$9.65',        '22-11-2022'),
('I Kissed Shara Wheeler',                   '9781250232884',       '9.70',         '2022-05-03'),
('i kissed shara wheeler',                   '1250232886',          '$9.70',        '03/05/2022'),
('One Last Stop',                            '9781250767164',       '9.85',         '2021-06-01'),
('one last stop',                            '1250767163',          '$9.85',        '01-06-2021'),
('Red, White & Royal Blue',                  '9781250316775',       '10.20',        '2019-05-14'),
('red white and royal blue',                 '1250316774',          '$10.20',       '14/05/2019'),
('Something Wilder',                         '9781982187064',       '10.25',        '2022-05-17'),
('something wilder',                         '1982187069',          '$10.25',       '17/05/2022'),
('The Soulmate Equation',                    '9781984804556',       '10.40',        '2021-05-18'),
('the soulmate equation',                    '1984804553',          '$10.40',       '18/05/2021'),
('Love and Other Words',                     '9781501128011',       '10.15',        '2018-04-10'),
('love and other words',                     '1501128019',          '$10.15',       '10-04-2018'),
('Josh and Hazel’s Guide to Not Dating',     '9781501165856',       '10.05',        '2018-09-04'),
('josh and hazels guide to not dating',      '1501165856',          '$10.05',       '04-09-2018'),
('Roomies',                                  '9781501125201',       '9.90',         '2017-12-05'),
('roomies',                                  '1501125205',          '$9.90',        '05/12/2017'),
('The Unhoneymooners',                       '9781501128035',       '9.95',         '2019-05-14'),
('the unhoneymooners',                       '1501128034',          '$9.95',        '14-05-2019'),
('My Favorite Half-Night Stand',             '9781501197413',       '9.85',         '2018-12-04'),
('my favorite half night stand',             '1501197412',          '$9.85',        '04-12-2018'),
('Beautiful Bastard',                        '9781476730097',       '9.60',         '2013-02-12'),
('beautiful bastard',                        '1476730095',          '$9.60',        '12/02/2013'),
('Beautiful Stranger',                       '9781476731537',       '9.65',         '2013-05-28'),
('beautiful stranger',                       '1476731539',          '$9.65',        '28/05/2013'),
('Beautiful Player',                         '9781476731520',       '9.70',         '2013-10-29'),
('beautiful player',                         '1476731520',          '$9.70',        '29-10-2013'),
('Beautiful Secret',                         '9781501101229',       '9.75',         '2015-04-14'),
('beautiful secret',                         '1501101229',          '$9.75',        '14-04-2015'),
('Beautiful',                                '9781501101236',       '9.80',         '2016-10-04'),
('beautiful',                                '1501101237',          '$9.80',        '04/10/2017');



INSERT INTO Category (Category_id, Category_name) VALUES
('1',  'Fiction'),('2',  ' fiction '),('3',  'Thriller'),('4',  'thriller '),('5',  'Memoir'),('6',  'Biography; Memoir'),('7',  'Self-help'),
('8',  'self help'),('9',  'History'),('10', 'history'),(11, 'Science Fiction'),(12, 'science  fiction'),(13, 'SCIENCE-FICTION '),
(14, 'Sci-Fi'), (15, 'sci fi '),(16, 'Romance'),(17, ' romance '),(18, 'ROMANCE '),(19, 'Romantic'),(20, 'romantic  '),(21, 'Mystery'),
(22, ' mystery '),(23, 'MYSTERY '), (24, 'Mysteries'),(25, 'mysteries '),(26, 'Fantasy'),(27, ' fantasy '),(28, 'FANTASY'),
(29, 'Fantasy Fiction'), (30, 'fantasy-fiction'),(31, 'Drama'),(32, ' drama '),(33, 'DRAMA '),(34, 'Play'),(35, 'play '),(36, 'Poetry'),
(37, ' poetry'),(38, 'POETRY '), (39, 'Poems'),(40, 'poems  '),(41, 'Children'),(42, ' children '),(43, 'CHILDREN '),(44, 'Children’s Books'),
(45, ' childrens books '),(46, 'Young Adult'), (47, ' young adult '),(48, 'YOUNG-ADULT '),(49, 'YA Fiction'),(50, 'ya fiction '),(51, 'Adventure'),(52, ' adventure '),(53, 'ADVENTURE '),(54, 'Adventure Stories'),
(55, 'adventure stories'),(56, 'Horror'),(57, ' horror '),(58, 'HORROR '),(59, 'Horror Fiction'),(60, ' horror-fiction '),(61, 'Crime'),
(62, ' crime '),(63, 'CRIME '), (64, 'Crime Stories'),(65, 'crime-stories'),(66, 'Non-fiction'),(67, ' non fiction '),(68, 'NONFICTION '),(69, 'Non Fiction'),(70, 'nonfiction '),(71, 'Comics'),(72, ' comics '),
(73, 'COMICS '),(74, 'Comic Books'),(75, 'comic-books'),(76, 'Graphic Novel'),(77, ' graphic novel '),(78, 'GRAPHIC NOVELS'),(79, 'Graphic Novels'),(80, 'graphic novels '),(81, 'Cookbook'),(82, ' cookbook '),(83, 'COOKBOOK '),(84, 'Cookbooks'),
(85, 'cook books '),(86, 'Art'),(87, ' art '),(88, 'ART '),(89, 'Fine Art'),(90, 'fine-art '),(91, 'Photography'),(92, ' photography '),(93, 'PHOTOGRAPHY '),(94, 'Photo Books'),(95, 'photo books '),(96, 'Travel'),(97, ' travel '),(98, 'TRAVEL '),
(99, 'Travel Guides'),(100, 'travel-guides '),(101, 'Guide'),(102, ' guide '),(103, 'GUIDES'),(104, 'Guides'),(105, 'guides '),(106, 'Reference'),(107, ' reference '),(108, 'REFERENCE '),(109, 'Reference Books'),(110, 'reference-books '),(111, 'Health'),
(112, ' health '),(113, 'HEALTH '),(114, 'Wellness'),(115, 'wellness '),(116, 'Well-Being'),(117, 'well-being '),(118, 'Fitness'),(119, ' fitness '),(120, 'FITNESS '),(121, 'Sports'),(122, ' sports '),(123, 'SPORTS '),(124, 'Sport'),(125, 'sport '),(126, 'Music'),
(127, ' music '),(128, 'MUSIC '),(129, 'Musical'),(130, 'musical '),(131, 'Religion'),(132, ' religion '),(133, 'RELIGION '),(134, 'Religious'),(135, 'religious '),(136, 'Spirituality'),(137, ' spirituality '),(138, 'SPIRITUALITY '),(139, 'Self-Improvement'),
(140, 'self improvement '),(141, 'SELF IMPROVEMENT'),(142, 'Motivational'),(143, 'motivational '),(144, 'Business'),(145, ' business '),(146, 'BUSINESS '),(147, 'Business & Economics'),(148, 'business economics'),(149, 'Economics'),(150, 'economics '),
(151, 'Technology'),(152, ' technology '),(153, 'TECHNOLOGY '),(154, 'Tech'),(155, 'tech '),(156, 'Computers'),(157, ' computers '),(158, 'COMPUTERS '),(159, 'Computer Science'),(160, 'computer science '),(161, 'Programming'),(162, ' programming '),(163, 'PROGRAMMING '),(164, 'Coding'),
(165, 'coding '),(166, 'SOFTWARE'),(167, 'software '),(168, 'Software Development'),(169, 'software-development '),(170, 'Data Science'),(171, ' data science '),(172, 'DATA-SCIENCE '),(173, 'Analytics'),
(174, 'analytics '),(175, 'ANALYTICS '),(176, 'Machine Learning'),(177, ' machine learning '),(178, 'MACHINE-LEARNING'),(179, 'Artificial Intelligence'),(180, ' artificial intelligence '),
(181, 'AI '),(182, 'ai'),(183, 'Deep Learning'),(184, ' deep learning '),(185, 'DEEP LEARNING '),(186, 'Mathematics'),(187, ' mathematics '),(188, 'MATH '),(189, 'Math'),(190, 'math '),(191, 'Statistics'),(192, ' statistics '),(193, 'STATISTICS '),
(194, 'Science'),(195, ' science '),(196, 'SCIENCE '),(197, 'Physics'),(198, ' physics '),(199, 'PHYSICS '),(200, 'Chemistry'),(201, ' chemistry '),(202, 'CHEMISTRY '),(203, 'Biology'),(204, ' biology '),(205, 'BIOLOGY '),
(206, 'Geography'),(207, ' geography '),(208, 'GEOGRAPHY '),(209, 'Astronomy'),(210, ' astronomy '),(211, 'ASTRONOMY '),(212, 'Space'),(213, ' space '),(214, 'SPACE '),(215, 'Engineering'),(216, ' engineering '),(217, 'ENGINEERING '),
(218, 'Civil Engineering'),(219, 'civil-engineering'),(220, 'Mechanical Engineering'),(221, 'mechanical engineering '),(222, 'Electrical Engineering'),(223, 'electrical-engineering '),(224, 'Medical'),(225, ' medical '),(226, 'MEDICAL '),(227, 'Medicine'),
(228, 'medicine '),(229, 'MEDICINE '),(230, 'Nursing'),(231, ' nursing '),(232, 'NURSE '),(233, 'Nurse'),(234, 'nurse '),(235, 'Dentistry'),(236, ' dentistry '),(237, 'DENTISTRY '),(238, 'Pharmacy'),(239, ' pharmacy '),
(240, 'PHARMACY '),(241, 'Veterinary'),(242, ' veterinary '),(243, 'VETERINARY '),(244, 'Law'),(245, ' law '),(246, 'LAW '),(247, 'Legal Studies'),(248, 'legal studies '),(249, 'Politics'),(250, ' politics '),(251, 'POLITICS '),(252, 'Political Science'),(253, 'political science '),
(254, 'GOVERNMENT '),(255, 'government '),(256, 'Government'),(257, 'govt '),(258, 'Social Science'),(259, ' social science '),(260, 'SOCIAL SCIENCES '),(261, 'Anthropology'),(262, ' anthropology '),(263, 'ANTHROPOLOGY '),(264, 'Psychology'),(265, ' psychology '),(266, 'PSYCHOLOGY '),
(267, 'Sociology'),(268, ' sociology '),(269, 'SOCIOLOGY '),(270, 'Archaeology'),(271, ' archaeology '),(272, 'ARCHAEOLOGY '),(273, 'Linguistics'),(274, ' linguistics '),(275, 'LINGUISTICS '),(276, 'Languages'),(277, ' languages '),(278, 'LANGUAGES '),(279, 'English'),(280, ' english '),
(281, 'ENGLISH '),(282, 'French'),(283, ' french '),(284, 'FRENCH '),(285, 'Spanish'),(286, ' spanish '),(287, 'SPANISH '),(288, 'German'),(289, ' german '),(290, 'GERMAN '),(291, 'Italian'),(292, ' italian '),(293, 'ITALIAN '),(294, 'Russian'),(295, ' russian '),(296, 'RUSSIAN '),
(297, 'Chinese'),(298, ' chinese '),(299, 'CHINESE '),(300, 'Japanese'),(301, ' japanese '),(302, 'JAPANESE '),(303, 'Korean'),(304, ' korean '),(305, 'KOREAN '),(306, 'Arabic'),(307, ' arabic '),(308, 'ARABIC '),(309, 'Latin'),(310, ' latin '),(361, 'Short Stories'),(362, ' short story '),
(363, 'Mythology'),(364, ' mythology '),(365, 'Fairy Tales'),(366, ' fairy tale '),(367, 'Comics'),(368, ' comics '),(369, 'Romantic Comedy'),(370, ' romantic comedy '),(371, 'Psychology'),(372, ' psychology '),(373, 'Sociology'),(374, ' sociology '),(375, 'Adventure'),(376, ' adventure '),(377, 'Horror'),
(378, ' horror '),(379, 'Science Fiction'),(380, ' science fiction '),(381, 'Fantasy'),(382, ' fantasy '),(383, 'Urban Fantasy'),(384, ' urban fantasy '),(385, 'Dystopian'),(386, ' dystopia '),(387, 'Magical Realism'),(388, ' magical realism '),(389, 'Historical Fiction'),(390, ' historical fiction '),
(391, 'Contemporary Fiction'),(392, ' contemporary fiction '),(393, 'War & Military'),(394, ' war military '),(395, 'Classic Literature'),(396, ' classic literature '),(397, 'Satire'),(398, ' satire '),(399, 'Crime'),(400, ' crime '),(401, 'Detective'),(402, ' detective '),(403, 'Suspense'),(404, ' suspense '),
(405, 'Epic'),(406, ' epic '),(407, 'Novella'),(408, ' novella '),(409, 'Autobiography'),(410, ' autobiography '),(411, 'Memoir & Essays'),(412, ' memoir essays '),(413, 'Guidebook'),(414, ' guide book '),(415, 'Encyclopedia'),(416, ' encyclopedia '),(417, 'Dictionary'),(418, ' dictionary '),(419, 'Handbook'),
(420, ' hand book '),(421, 'Manual'),(422, ' manual '),(423, 'Yearbook'),(424, ' year book '),(425, 'Anthology'),(426, ' anthology '),(427, 'Speech'),(428, ' speech '),(429, 'Letters'),(430, ' letters '),(431, 'Journals'),(432, ' journals '),(433, 'Reports'),(434, ' reports '),(435, 'Essays'),(436, ' essays '),
(437, 'Documentary'),(438, ' documentary '),(439, 'Travelogue'),(440, ' travel logue '),(441, 'Cookbook'),(442, ' cook book '),(443, 'Photography'),(444, ' photography '),(445, 'Architecture'),(446, ' architecture '),(447, 'Engineering'),(448, ' engineering '),(449, 'Mathematics'),(450, ' mathematics '),(451, 'Physics'),
(452, ' physics '),(453, 'Chemistry'),(454, ' chemistry '),(455, 'Biology'),(456, ' biology '),(457, 'Geography'),(458, ' geography '),(459, 'Astronomy'),(460, ' astronomy '),(461, 'Geology'),(462, ' geology '),(463, 'Meteorology'),(464, ' meteorology '),(465, 'Oceanography'),(466, ' oceanography '),(467, 'Environmental Studies'),
(468, ' environmental studies '),(469, 'Law'),(470, ' law '),(471, 'Criminology'),(472, ' criminology '),(473, 'Forensics'),(474, ' forensics '),(475, 'Linguistics'),(476, ' linguistics '),(477, 'Cultural Studies'),(478, ' cultural studies '),(479, 'Gender Studies'),(480, ' gender studies '),(481, 'Media Studies'),(482, ' media studies '),
(483, 'Communication'),(484, ' communication '),(485, 'Art History'),(486, ' art history '),(487, 'Theatre'),(488, ' theatre '),(489, 'Dance'),(490, ' dance '),(491, 'Film Studies'),(492, ' film studies '),(493, 'Television Studies'),(494, ' television studies '),(495, 'Game Studies'),(496, ' game studies '),(497, 'Computer Science'),(498, ' computer science '),
(499, 'Information Technology'),(500, ' information technology '),(501, 'Artificial Intelligence'),(502, ' artificial intelligence ');


INSERT INTO Belongs_to (Book_id, Category_id) VALUES

(1,1),(2,2),(3,1),(4,1),(5,5),(6,5),(7,6),(8,6),
(9,3),(10,4),(11,9),(12,9),(13,1),(14,1),(15,1),(16,1),
(17,7),(18,7),(19,1),(20,1),(21,1),(22,1),(23,1),(24,1),
(25,7),(26,7),(27,3),(28,3),(29,7),(30,7),(31,1),(32,1),
(33,1),(34,1),(35,1),(36,1),(37,1),(38,1),(39,1),(40,1),
(41,2),(42,3),(43,4),(44,5),(45,6),(46,7),(47,8),(48,9),
(49,10),(50,11),(51,12),(52,13),(53,14),(54,15),(55,16),(56,17),
(57,18),(58,19),(59,20),(60,21),(61,22),(62,23),(63,24),(64,25),
(65,26),(66,27),(67,28),(68,29),(69,30),(70,31),(71,32),(72,33),
(73,34),(74,35),(75,36),(76,37),(77,38),(78,39),(79,40),(80,41),
(81,42),(82,43),(83,44),(84,45),(85,46),(86,47),(87,48),(88,49),
(89,50),(90,51),(91,52),(92,53),(93,54),(94,55),(95,56),(96,57),
(97,58),(98,59),(99,60),(100,61),(101,62),(102,63),(103,64),(104,65),
(105,66),(106,67),(107,68),(108,69),(109,70),(110,71),(111,72),(112,73),
(113,74),(114,75),(115,76),(116,77),(117,78),(118,79),(119,80),(120,81),
(121,82),(122,83),(123,84),(124,85),(125,86),(126,87),(127,88),(128,89),
(191,152),(192,153),(193,154),(194,155),(195,156),(196,157),(197,158),(198,159),(199,160),(200,161),
(201,162),(202,163),(203,164),(204,165),(205,166),(206,167),(207,168),(208,169),(209,170),(210,171),
(211,172),(212,173),(213,174),(214,175),(215,176),(216,177),(217,178),(218,179),(219,180),(220,181),
(221,182),(222,183),(223,184),(224,185),(225,186),(226,187),(227,188),(228,189),(229,190),(230,191),
(231,192),(232,193),(233,194),(234,195),(235,196),(236,197),(237,198),(238,199),(239,200),(240,201),
(241,202),(242,203),(243,204),(244,205),(245,206),(246,207),(247,208),(248,209),(249,210),(250,211),
(251,212),(252,213),(253,214),(254,215),(255,216),(256,217),(257,218),(258,219),(259,220),(260,221),
(261,222),(262,223),(263,224),(264,225),(265,226),(266,227),(267,228),(268,229),(269,230),(270,231),
(271,232),(272,233),(273,234),(274,235),(275,236),(276,237),(277,238),(278,239),(279,240),(280,241),
(281,242),(282,243),(283,244),(284,245),(285,246),(286,247),(287,248),(288,249),(289,250),(290,251),
(291,252),(292,253),(293,254),(294,255),(295,256),(296,257),(297,258),(298,259),(299,260),(300,261),
(301,262),(302,263),(303,264),(304,265),(305,266),(306,267),(307,268),(308,269),(309,270),(310,271),
(311,272),(312,273),(313,274),(314,275),(315,276),(316,277),(317,278),(318,279),(319,280),(320,281),
(321,282),(322,283),(323,284),(324,285),(325,286),(326,287),(327,288),(328,289),(329,290),(330,291),
(331,292),(332,293),(333,294),(334,295),(335,296),(336,297),(337,298),(338,299),(339,300),(340,301),
(421,382),(422,383),(423,384),(424,385),(425,386),(426,387),(427,388),(428,389),(429,390),(430,391),
(431,392),(432,393),(433,394),(434,395),(435,396),(436,397),(437,398),(438,399),(439,400),(440,401),
(441,402),(442,403),(443,404),(444,405),(445,406),(446,407),(447,408),(448,409),(449,410),(450,411),
(451,412),(452,413),(453,414),(454,415),(455,416),(456,417),(457,418),(458,419),(459,420),(460,421),
(461,422),(462,423),(463,424),(464,425),(465,426),(466,427),(467,428),(468,429),(469,430),(470,431),
(471,432),(472,433),(473,434),(474,435),(475,436),(476,437),(477,438),(478,439),(479,440),(480,441),
(481,442),(482,443),(483,444),(484,445),(485,446),(486,447),(487,448),(488,449),(489,450),(490,451),
(401,362),(402,363),(403,364),(404,365),(405,366),(406,367),(407,368),(408,369),(409,370),(410,371),
(411,372),(412,373),(413,374),(414,375),(415,376),(416,377),(417,378),(418,379),(419,380),(420,381),
(491,452),(492,453),(493,454),(494,455),(495,456),(496,457),(497,458),(498,459),(499,460),(500,461),
(501,462),(502,463),(503,464),(504,465),(505,466),(506,467),(507,468),(508,469),(509,470),(510,471),
(511,472),(512,473),(513,474),(514,475),(515,476),(516,477),(517,478),(518,479),(519,480),(520,481),
(521,482),(522,483),(523,484),(524,485),(525,486),(526,487),(527,488),(528,489),(529,490),(530,491),
(531,492),(532,493),(533,494),(534,495),(535,496),(536,497),(537,498),(538,499),(539,500),(540,501),
(541,502),(542,1),(543,2),(544,3),(545,4),(546,5),(547,6),(548,7),(549,8),(550,9);


INSERT INTO Written_by (Book_id, Author_id) VALUES
('1','1'), ('2','2'), ('3','3'), ('4','4'), ('5','5'), ('6','6'), ('7','7'), ('8','8'),
('9','9'), ('10','10'), ('11','11'), ('12','12'), ('13','13'), ('14','14'), ('15','15'),
('16','16'), ('17','17'), ('18','18'), ('19','19'), ('20','20'), ('21','21'), ('22','22'),
('23','23'), ('24','24'), ('25','25'), ('26','26'), ('27','27'), ('28','28'), ('29','27'),
('30','28'), ('31','29'), ('32','30'), ('33','31'), ('34','32'), ('35','33'), ('36','34'),
('37','35'), ('38','36'), ('39','37'), ('40','38'),
(41,3), (42,3), (43,4), (44,4), (45,9), (46,9), (47,1), (48,1),
(49,1), (50,1), (51,5), (52,5), (53,6), (54,6), (55,3), (56,3),
(57,4), (58,4), (59,9), (60,9), (61,1), (62,1), (63,1), (64,1),
(65,7), (66,7), (67,1), (68,1), (69,1), (70,1), (71,7), (72,7),
(73,3), (74,3), (75,7), (76,7), (77,1), (78,1), (79,1), (80,1),
(81,1), (82,1), (83,1), (84,1), (85,5), (86,5), (87,6), (88,6),
(89,3), (90,3), (91,4), (92,4), (93,9), (94,9), (95,1), (96,1),
(97,1), (98,1), (99,7), (100,7), (101,1), (102,1), (103,1), (104,1),
(105,7), (106,7), (107,3), (108,3), (109,7), (110,7), (111,1), (112,1),
(113,1), (114,1), (115,1), (116,1), (117,1), (118,1), (119,5), (120,5),
(121,6), (122,6), (123,3), (124,3), (125,4), (126,4), (127,9), (128,9),
(129,1), (130,1), (131,1), (132,1), (133,7), (134,7), (135,1), (136,1),
(137,1), (138,1), (139,7), (140,7), (141,3), (142,3), (143,7), (144,7),
(145,1), (146,1), (147,1), (148,1), (149,1), (150,1), (151,1), (152,1),
(153,5), (154,5), (155,6), (156,6), (157,3), (158,3), (159,4), (160,4),
(161,9), (162,9), (163,1), (164,1), (165,1), (166,1), (167,7), (168,7),
(169,1), (170,1), (171,1), (172,1), (173,7), (174,7), (175,3), (176,3),
(177,7), (178,7), (179,1), (180,1), (181,1), (182,1), (183,1), (184,1),
(185,1), (186,1), (187,5), (188,5), (189,6), (190,6), (191,3), (192,3),
(193,4), (194,4), (195,9), (196,9), (197,1), (198,1), (199,1), (200,1),
(201,7), (202,7), (203,1), (204,1), (205,1), (206,1), (207,7), (208,7),
(209,3), (210,3), (211,7), (212,7), (213,1), (214,1), (215,1), (216,1),
(217,1), (218,1), (219,1), (220,1), (221,5), (222,5), (223,6), (224,6),
(225,3), (226,3), (227,4), (228,4), (229,9), (230,9), (231,1), (232,1),
(233,1), (234,1), (235,7), (236,7), (237,1), (238,1), (239,1), (240,1),
(241,7), (242,7), (243,3), (244,3), (245,7), (246,7), (247,1), (248,1),
(249,1), (250,1), (251,1), (252,1), (253,1), (254,1), (255,5), (256,5),
(257,6), (258,6), (259,3), (260,3), (261,4), (262,4), (263,9), (264,9),
(265,1), (266,1), (267,1), (268,1), (269,7), (270,7), (271,1), (272,1),
(273,1), (274,1), (275,7), (276,7), (277,3), (278,3), (279,7), (280,7),
(281,1), (282,1), (283,1), (284,1), (285,1), (286,1), (287,1), (288,1),
(289,5), (290,5), (291,6), (292,6), (293,3), (294,3), (295,4), (296,4),
(297,9), (298,9), (299,1), (300,1), (301,1), (302,1), (303,7), (304,7),
(305,1), (306,1), (307,1), (308,1), (309,7), (310,7), (311,3), (312,3),
(313,7), (314,7), (315,1), (316,1), (317,1), (318,1), (319,1), (320,1),
(321,1), (322,1), (323,5), (324,5), (325,6), (326,6), (327,3), (328,3),
(329,4), (330,4), (331,9), (332,9), (333,1), (334,1), (335,1), (336,1),
(337,7), (338,7), (339,1), (340,1), (341,1), (342,1), (343,7), (344,7),
(345,3), (346,3), (347,7), (348,7), (349,1), (350,1), (351,1), (352,1),
(353,1), (354,1), (355,1), (356,1), (357,5), (358,5), (359,6), (360,6),
(361,3), (362,3), (363,4), (364,4), (365,9), (366,9), (367,1), (368,1),
(369,1), (370,1), (371,7), (372,7), (373,1), (374,1), (375,1), (376,1),
(377,7), (378,7), (379,3), (380,3), (381,7), (382,7), (383,1), (384,1),
(385,1), (386,1), (387,1), (388,1), (389,1), (390,1), (391,5), (392,5),
(393,6), (394,6), (395,3), (396,3), (397,4), (398,4), (399,9), (400,9),
(401,1), (402,1), (403,1), (404,1), (405,7), (406,7), (407,1), (408,1),
(409,1), (410,1), (411,7), (412,7), (413,3), (414,3), (415,7), (416,7),
(417,1), (418,1), (419,1), (420,1), (421,1), (422,1), (423,1), (424,1),
(425,5), (426,5), (427,6), (428,6), (429,3), (430,3), (431,4), (432,4),
(433,9), (434,9), (435,1), (436,1), (437,1), (438,1), (439,7), (440,7),
(441,1), (442,1), (443,1), (444,1), (445,7), (446,7), (447,3), (448,3),
(449,7), (450,7), (451,1), (452,1), (453,1), (454,1), (455,1), (456,1),
(457,1), (458,1), (459,5), (460,5), (461,6), (462,6), (463,3), (464,3),
(465,4), (466,4), (467,9), (468,9), (469,1), (470,1), (471,1), (472,1),
(473,7), (474,7), (475,1), (476,1), (477,1), (478,1), (479,7), (480,7),
(481,3), (482,3), (483,7), (484,7), (485,1), (486,1), (487,1), (488,1),
(489,1), (490,1), (491,1), (492,1), (493,5), (494,5), (495,6), (496,6),
(497,3), (498,3), (499,4), (500,4), (501,9), (502,9), (503,1), (504,1),
(505,1), (506,1), (507,7), (508,7), (509,1), (510,1), (511,1), (512,1),
(513,7), (514,7), (515,3), (516,3), (517,7), (518,7), (519,1), (520,1),
(521,1), (522,1), (523,1), (524,1), (525,1), (526,1), (527,5), (528,5),
(529,6), (530,6), (531,3), (532,3), (533,4), (534,4), (535,9), (536,9),
(537,1), (538,1), (539,1), (540,1), (541,7), (542,7), (543,1), (544,1),
(545,1), (546,1), (547,7), (548,7), (549,3), (550,3);


INSERT INTO Employee (Employee_name, Role, Address) VALUES
('  kevin hall', 'Manager', ' 123 Main St'),
('ZARA  KHAN', 'developer', '456 Oak ave  '),
('  haruto suzuki', NULL, '789 pine road'),
('NEILL, sophia', ' HR', '  321 Maple Street'),
('lucas   FERREIRA', 'Designer', NULL),
('  Aria   Taylor', ' captain ', ' USS Voyager'),
('gabriel santos', 'developer', '   555 Elm Street'),
('Ella  Bennett', NULL, '42 willow blvd'),
(' oliver    lewis', 'Tester', ' 777 Cedar lane'),
('N.   Y. Carter', 'CEO', '   100 King Street'),
('felix    meier', 'Developer', NULL),
('   amelia  scott', 'Tester', '987 birch avenue'),
('noah  white', '  HR', '   888 Ash Street'),
('fatima AL   khaled', NULL, '  222 Cherry Rd'),
(' helena  Richter', 'Manager', ' 444 Oak Street  '),
(' Charlotte  Allen', 'designer', NULL),
(' said   rahman', 'Tester', '  666 Pine street'),
('victor  morales', NULL, '   999 Willow St'),
('  OLIVIA walker', 'developer', '111 Maple Ave '),
('Clment  Lefevre', ' HR', NULL),
('  jonathan black', 'Manager', ' 12 Elm St'),
('AYŞE  yılmaz', 'developer', '77 Oak ave  '),
('  mattia conti', NULL, '53 pine road'),
('BRIEN, hannah', ' HR', '  98 Maple Street'),
('marco   bianchi', 'Designer', NULL),
('  sofia   rossi', ' captain ', ' SS Adventure'),
('miguel pérez', 'developer', '   81 Elm Street'),
('Paulo  Barbosa', NULL, '67 willow blvd'),
(' nadine    müller', 'Tester', ' 90 Cedar lane'),
('A.   M. Zhang', 'CEO', '   10 King Street'),
('thiago    oliveira', 'Developer', NULL),
('   clara  de souza', 'Tester', '92 birch avenue'),
('leonardo  bianchi', '  HR', '   48 Ash Street'),
('vanessa AL   carvalho', NULL, '  39 Cherry Rd'),
(' hans  schäfer', 'Manager', ' 20 Oak Street  '),
(' helena  gonzález', 'designer', NULL),
(' omar   farouk', 'Tester', '  14 Pine street'),
('santiago  torres', NULL, '   27 Willow St'),
('  SOPHIE mitchell', 'developer', '89 Maple Ave '),
('François  moreau', ' HR', NULL),
('Carlos Mendes', 'Manager', '1 River St'),
('Isabella Costa', 'Developer', '2 River St'),
('Rafael Lima', 'Designer', '3 River St'),
('Lara Souza', 'Tester', '4 River St'),
('Henrique Silva', 'HR', '5 River St'),
('Camila Rocha', 'Developer', '6 River St'),
('Pedro Gomes', 'Captain', '7 River St'),
('Ana Ribeiro', 'Manager', '8 River St'),
('Lucas Barbosa', 'Developer', '9 River St'),
('Beatriz Fernandes', 'Designer', '10 River St'),
('Mateus Carvalho', 'Tester', '11 River St'),
('Julia Almeida', 'HR', '12 River St'),
('Diego Araujo', 'Developer', '13 River St'),
('Fernanda Castro', 'Manager', '14 River St'),
('Guilherme Duarte', 'Tester', '15 River St'),
('Mariana Martins', 'Developer', '16 River St'),
('João Correia', 'Designer', '17 River St'),
('Larissa Teixeira', 'HR', '18 River St'),
('Eduardo Santos', 'Manager', '19 River St'),
('Natalia Freitas', 'Developer', '20 River St'),
('Felipe Farias', 'Tester', '21 River St'),
('Carolina Pires', 'Designer', '22 River St'),
('André Cardoso', 'Developer', '23 River St'),
('Patricia Pinto', 'HR', '24 River St'),
('Rodrigo Monteiro', 'Manager', '25 River St'),
('Bianca Cunha', 'Developer', '26 River St'),
('Thiago Correia', 'Designer', '27 River St'),
('Marcela Costa', 'Tester', '28 River St'),
('Alexandre Nogueira', 'Developer', '29 River St'),
('Sofia Menezes', 'HR', '30 River St'),
('Daniel Rocha', 'Manager', '31 River St'),
('Leticia Fonseca', 'Developer', '32 River St'),
('Vinicius Ribeiro', 'Designer', '33 River St'),
('Yasmin Ferreira', 'Tester', '34 River St'),
('Lucas Vieira', 'Developer', '35 River St'),
('Amanda Leite', 'HR', '36 River St'),
('Gabriel Almeida', 'Manager', '37 River St'),
('Thais Cardoso', 'Developer', '38 River St'),
('Igor Rezende', 'Designer', '39 River St'),
('Priscila Neves', 'Tester', '40 River St'),
('Murilo Costa', 'Developer', '41 River St'),
('Juliana Gomes', 'HR', '42 River St'),
('Bruno Dias', 'Manager', '43 River St'),
('Larissa Souza', 'Developer', '44 River St'),
('Caio Martins', 'Designer', '45 River St'),
('Isabela Lima', 'Tester', '46 River St'),
('Lucas Araújo', 'Developer', '47 River St'),
('Maria Ferreira', 'HR', '48 River St'),
('Felipe Oliveira', 'Manager', '49 River St'),
('Camila Duarte', 'Developer', '50 River St'),
('Pedro Henrique', 'Designer', '51 River St'),
('Amanda Ribeiro', 'Tester', '52 River St'),
('Matheus Pires', 'Developer', '53 River St'),
('Gabriela Nogueira', 'HR', '54 River St'),
('Gustavo Almeida', 'Manager', '55 River St'),
('Rafaela Rocha', 'Developer', '56 River St'),
('Leonardo Castro', 'Designer', '57 River St'),
('Mariana Correia', 'Tester', '58 River St'),
('Henrique Ribeiro', 'Developer', '59 River St'),
('Luana Fernandes', 'HR', '60 River St'),
('Ricardo Almeida', 'Manager', '61 River St'),
('Fernanda Lima', 'Developer', '62 River St'),
('André Souza', 'Designer', '63 River St'),
('Isabela Fernandes', 'Tester', '64 River St'),
('Marcos Pereira', 'Developer', '65 River St'),
('Camila Ribeiro', 'HR', '66 River St'),
('João Martins', 'Manager', '67 River St'),
('Larissa Costa', 'Developer', '68 River St'),
('Paulo Gonçalves', 'Designer', '69 River St'),
('Bianca Cardoso', 'Tester', '70 River St'),
('Felipe Oliveira', 'Developer', '71 River St'),
('Mariana Santos', 'HR', '72 River St'),
('Gabriel Rodrigues', 'Manager', '73 River St'),
('Amanda Freitas', 'Developer', '74 River St'),
('Rodrigo Lopes', 'Designer', '75 River St'),
('Patricia Dias', 'Tester', '76 River St'),
('Thiago Correia', 'Developer', '77 River St'),
('Juliana Silva', 'HR', '78 River St'),
('Eduardo Costa', 'Manager', '79 River St'),
('Isabela Nogueira', 'Developer', '80 River St'),
('Gustavo Almeida', 'Designer', '81 River St'),
('Camila Souza', 'Tester', '82 River St'),
('Vinicius Martins', 'Developer', '83 River St'),
('Amanda Ribeiro', 'HR', '84 River St'),
('Lucas Rocha', 'Manager', '85 River St'),
('Mariana Castro', 'Developer', '86 River St'),
('Bruno Pereira', 'Designer', '87 River St'),
('Gabriela Fernandes', 'Tester', '88 River St'),
('Henrique Cardoso', 'Developer', '89 River St'),
('Patricia Silva', 'HR', '90 River St'),
('João Araujo', 'Manager', '91 River St'),
('Larissa Ribeiro', 'Developer', '92 River St'),
('Felipe Fernandes', 'Designer', '93 River St'),
('Bianca Souza', 'Tester', '94 River St'),
('André Gomes', 'Developer', '95 River St'),
('Mariana Almeida', 'HR', '96 River St'),
('Gustavo Rodrigues', 'Manager', '97 River St'),
('Amanda Martins', 'Developer', '98 River St'),
('Rodrigo Costa', 'Designer', '99 River St'),
('Camila Lopes', 'Tester', '100 River St'),
('Isabella Reed', 'Software Engineer', '201 River St'),
('Ethan Parker', 'Data Analyst', '202 River St'),
('Madison Clark', 'UX Designer', '203 River St'),
('Logan Bennett', 'QA Tester', '204 River St'),
('Charlotte Hughes', 'HR Specialist', '205 River St'),
('Lucas Foster', 'Project Manager', '206 River St'),
('Amelia Ross', 'Frontend Developer', '207 River St'),
('Mason Perry', 'Backend Developer', '208 River St'),
('Harper Brooks', 'Content Strategist', '209 River St'),
('Oliver Ramirez', 'Business Analyst', '210 River St'),
('Sophia James', 'UI Designer', '211 River St'),
('Jacob Hayes', 'DevOps Engineer', '212 River St'),
('Ava Russell', 'Marketing Manager', '213 River St'),
('Michael Price', 'Database Administrator', '214 River St'),
('Mia Ward', 'SEO Specialist', '215 River St'),
('William Bailey', 'Systems Analyst', '216 River St'),
('Abigail Cox', 'Graphic Designer', '217 River St'),
('James Murphy', 'Security Engineer', '218 River St'),
('Emily Richardson', 'Product Manager', '219 River St'),
('Benjamin Howard', 'Mobile Developer', '220 River St'),
('Evelyn Torres', 'Recruiter', '221 River St'),
('Henry Jenkins', 'IT Support Specialist', '222 River St'),
('Ella Coleman', 'Copywriter', '223 River St'),
('Alexander Simmons', 'Full Stack Developer', '224 River St'),
('Scarlett Bryant', 'Operations Manager', '225 River St'),
('Daniel Phillips', 'Network Engineer', '226 River St'),
('Victoria Long', 'Scrum Master', '227 River St'),
('Matthew Rivera', 'API Developer', '228 River St'),
('Grace Hughes', 'Office Manager', '229 River St'),
('David Flores', 'Cloud Architect', '230 River St'),
('Zoe Turner', 'Technical Writer', '231 River St'),
('Christopher Scott', 'IT Coordinator', '232 River St'),
('Lily Carter', 'Email Marketing Specialist', '233 River St'),
('Andrew Cooper', 'Solutions Architect', '234 River St'),
('Sofia Peterson', 'Customer Success Manager', '235 River St'),
('Ryan Kelly', 'Penetration Tester', '236 River St'),
('Aria Morgan', 'Legal Advisor', '237 River St'),
('Joseph Ward', 'Backend Engineer', '238 River St'),
('Layla Brooks', 'QA Engineer', '239 River St'),
('Samuel Rogers', 'Machine Learning Engineer', '240 River St'),
('Chloe Stewart', 'HR Coordinator', '241 River St'),
('Gabriel Bennett', 'Web Developer', '242 River St'),
('Nora Jenkins', 'Executive Assistant', '243 River St'),
('Anthony Powell', 'Data Engineer', '244 River St'),
('Penelope Foster', 'Content Manager', '245 River St'),
('Elijah Diaz', 'Cloud Engineer', '246 River St'),
('Hannah Martinez', 'Social Media Manager', '247 River St'),
('Jack Rivera', 'IT Auditor', '248 River St'),
('Avery Ross', 'Operations Coordinator', '249 River St'),
('Sebastian Ortiz', 'Digital Marketing Specialist', '250 River St'),
('Layla Flynn', 'Business Operations Manager', '301 Oakridge Rd'),
('Carter Sutton', 'Data Warehouse Specialist', '302 Oakridge Rd'),
('Zoey Goodwin', 'Talent Development Manager', '303 Oakridge Rd'),
('Nolan Bruce', 'Application Support Analyst', '304 Oakridge Rd'),
('Aria Cross', 'Social Media Coordinator', '305 Oakridge Rd'),
('Lincoln Phelps', 'Infrastructure Architect', '306 Oakridge Rd'),
('Samantha Vaughan', 'Executive Secretary', '307 Oakridge Rd'),
('Elias Hopkins', 'Data Quality Analyst', '308 Oakridge Rd'),
('Anna Stanley', 'Program Coordinator', '309 Oakridge Rd'),
('Maverick McBride', 'Field Service Technician', '310 Oakridge Rd'),
('Aubrey Pope', 'Benefits Specialist', '311 Oakridge Rd'),
('Easton Peters', 'Help Desk Specialist', '312 Oakridge Rd'),
('Victoria Bridges', 'Content Editor', '313 Oakridge Rd'),
('Leo Montgomery', 'Mobile App Developer', '314 Oakridge Rd'),
('Brooklynn Steele', 'Finance Manager', '315 Oakridge Rd'),
('Mateo Hampton', 'Solutions Developer', '316 Oakridge Rd'),
('Willow Ball', 'Systems Engineer', '317 Oakridge Rd'),
('Hudson Carroll', 'Logistics Coordinator', '318 Oakridge Rd'),
('Isla Shepherd', 'E-commerce Manager', '319 Oakridge Rd'),
('Connor Abbott', 'Security Operations Manager', '320 Oakridge Rd'),
('Peyton Gregory', 'Creative Strategist', '321 Oakridge Rd'),
('Kai Patrick', 'Cloud Migration Specialist', '322 Oakridge Rd'),
('Addison Lucas', 'IT Procurement Specialist', '323 Oakridge Rd'),
('Roman Norris', 'Machine Learning Specialist', '324 Oakridge Rd'),
('Lucy Chandler', 'Internal Auditor', '325 Oakridge Rd'),
('Ezekiel Pratt', 'Data Migration Specialist', '326 Oakridge Rd'),
('Gianna Baldwin', 'Instructional Designer', '327 Oakridge Rd'),
('Bentley Moran', 'Systems Support Engineer', '328 Oakridge Rd'),
('Alice Hurst', 'Policy Advisor', '329 Oakridge Rd'),
('Weston Case', 'API Security Engineer', '330 Oakridge Rd'),
('Faith Barber', 'Multimedia Designer', '331 Oakridge Rd'),
('Jason Lowery', 'CRM Administrator', '332 Oakridge Rd'),
('Lillian Benton', 'HR Systems Analyst', '333 Oakridge Rd'),
('Micah Charles', 'Network Security Analyst', '334 Oakridge Rd'),
('Elise Becker', 'Communications Manager', '335 Oakridge Rd'),
('Jameson Hess', 'Robotics Engineer', '336 Oakridge Rd'),
('Camille Paul', 'Research Analyst', '337 Oakridge Rd'),
('Beckett Riley', 'Video Editor', '338 Oakridge Rd'),
('Genevieve Kerr', 'Marketing Data Analyst', '339 Oakridge Rd'),
('Tobias Melton', 'IT Support Engineer', '340 Oakridge Rd'),
('Adeline McCoy', 'Event Planner', '341 Oakridge Rd'),
('Everett Glover', 'Data Center Manager', '342 Oakridge Rd'),
('Piper Brock', 'Industrial Designer', '343 Oakridge Rd'),
('Silas Kane', 'Systems Programmer', '344 Oakridge Rd'),
('Josephine Salazar', 'Digital Strategist', '345 Oakridge Rd'),
('Diego Pruitt', 'Technology Consultant', '346 Oakridge Rd'),
('Clara Kirby', 'Organizational Development Manager', '347 Oakridge Rd'),
('Maxwell Acevedo', 'GIS Specialist', '348 Oakridge Rd'),
('Ariana Finley', 'Change Management Specialist', '349 Oakridge Rd'),
('Harrison Yates', 'Business Systems Analyst', '350 Oakridge Rd'),
('Mila Hanson', 'Business Development Manager', '251 Lakeview Dr'),
('Liam Walsh', 'Product Owner', '252 Lakeview Dr'),
('Paisley Newton', 'HR Generalist', '253 Lakeview Dr'),
('Levi Douglas', 'IT Support Analyst', '254 Lakeview Dr'),
('Hazel Myers', 'Frontend Engineer', '255 Lakeview Dr'),
('Owen Bishop', 'System Administrator', '256 Lakeview Dr'),
('Ellie Daniels', 'Accountant', '257 Lakeview Dr'),
('Caleb Austin', 'Cloud Security Engineer', '258 Lakeview Dr'),
('Violet Brewer', 'Technical Support Specialist', '259 Lakeview Dr'),
('Eli Stevenson', 'Marketing Assistant', '260 Lakeview Dr'),
('Aurora Craig', 'UI/UX Researcher', '261 Lakeview Dr'),
('Hunter Morrison', 'Database Developer', '262 Lakeview Dr'),
('Camila Warren', 'Recruitment Specialist', '263 Lakeview Dr'),
('Julian Wells', 'Infrastructure Engineer', '264 Lakeview Dr'),
('Luna Barrett', 'Creative Director', '265 Lakeview Dr'),
('Christian Blake', 'IT Manager', '266 Lakeview Dr'),
('Naomi Brady', 'Digital Content Creator', '267 Lakeview Dr'),
('Ezra Walters', 'Cybersecurity Analyst', '268 Lakeview Dr'),
('Sophie Day', 'Office Administrator', '269 Lakeview Dr'),
('Isaiah Holland', 'Data Scientist', '270 Lakeview Dr'),
('Sadie George', 'Training Coordinator', '271 Lakeview Dr'),
('Adam Lambert', 'Business Analyst', '272 Lakeview Dr'),
('Elena Maxwell', 'Executive Officer', '273 Lakeview Dr'),
('Nathan Grant', 'DevOps Specialist', '274 Lakeview Dr'),
('Lucy Ford', 'Creative Writer', '275 Lakeview Dr'),
('Asher Mason', 'IT Consultant', '276 Lakeview Dr'),
('Claire Jennings', 'Administrative Assistant', '277 Lakeview Dr'),
('Jonathan Hicks', 'Lead Engineer', '278 Lakeview Dr'),
('Lydia Pearson', 'SEO Analyst', '279 Lakeview Dr'),
('Wyatt Weaver', 'Cloud Developer', '280 Lakeview Dr'),
('Brooklyn Little', 'Operations Supervisor', '281 Lakeview Dr'),
('Isaac Doyle', 'Network Administrator', '282 Lakeview Dr'),
('Savannah Harrington', 'Talent Acquisition Specialist', '283 Lakeview Dr'),
('Grayson Reid', 'API Integration Specialist', '284 Lakeview Dr'),
('Stella Hardy', 'Corporate Trainer', '285 Lakeview Dr'),
('Colton Barrett', 'Financial Analyst', '286 Lakeview Dr'),
('Leah Bishop', 'Customer Experience Manager', '287 Lakeview Dr'),
('Miles Vaughn', 'Technical Account Manager', '288 Lakeview Dr'),
('Hannah Sullivan', 'Project Coordinator', '289 Lakeview Dr'),
('Xavier Holt', 'Backend Programmer', '290 Lakeview Dr'),
('Audrey Stanley', 'Legal Counsel', '291 Lakeview Dr'),
('Parker Tate', 'IT Infrastructure Manager', '292 Lakeview Dr'),
('Nora Wallace', 'Community Manager', '293 Lakeview Dr'),
('Evan Drake', 'Web Security Specialist', '294 Lakeview Dr'),
('Kylie Payne', 'HR Director', '295 Lakeview Dr'),
('Gavin Barrett', 'Application Developer', '296 Lakeview Dr'),
('Bella Fields', 'PR Specialist', '297 Lakeview Dr'),
('Ryder Harmon', 'QA Automation Engineer', '298 Lakeview Dr'),
('Caroline Benson', 'Data Visualization Specialist', '299 Lakeview Dr'),
('Hudson Neal', 'ERP Consultant', '300 Lakeview Dr'),
('Eliana Forbes', 'Enterprise Architect', '351 Greenway Ln'),
('Theo McMahon', 'IT Director', '352 Greenway Ln'),
('Valentina Fry', 'Cybersecurity Manager', '353 Greenway Ln'),
('Andres Herring', 'Software Tester', '354 Greenway Ln'),
('Maya Marsh', 'UX Architect', '355 Greenway Ln'),
('Greyson Padilla', 'Integration Specialist', '356 Greenway Ln'),
('Emery Holden', 'Brand Manager', '357 Greenway Ln'),
('Daphne Pruitt', 'Technical Support Engineer', '358 Greenway Ln'),
('Elliott Han', 'Risk Analyst', '359 Greenway Ln'),
('Serenity Cantrell', 'Product Designer', '360 Greenway Ln'),
('Tristan Howe', 'AI Engineer', '361 Greenway Ln'),
('Lilliana Bender', 'Legal Compliance Officer', '362 Greenway Ln'),
('Peter Whitfield', 'Operations Consultant', '363 Greenway Ln'),
('June Harrington', 'Executive Recruiter', '364 Greenway Ln'),
('Simon Robles', 'ERP Developer', '365 Greenway Ln'),
('Arabella Bernard', 'Campaign Manager', '366 Greenway Ln'),
('Marshall Stuart', 'Cloud Administrator', '367 Greenway Ln'),
('Amara Riddle', 'Procurement Officer', '368 Greenway Ln'),
('Felix Henson', 'Innovation Manager', '369 Greenway Ln'),
('Lana McClure', 'Creative Producer', '370 Greenway Ln'),
('Brayden Salas', 'Application Analyst', '371 Greenway Ln'),
('Madeline Moyer', 'Training Specialist', '372 Greenway Ln'),
('Spencer Peck', 'Marketing Analyst', '373 Greenway Ln'),
('Sloane Estes', 'Customer Support Manager', '374 Greenway Ln'),
('Cruz Mathis', 'IoT Engineer', '375 Greenway Ln'),
('Brielle Navarro', 'Public Relations Manager', '376 Greenway Ln'),
('Callum Workman', 'QA Manager', '377 Greenway Ln'),
('Jasmine Guy', 'Office Supervisor', '378 Greenway Ln'),
('Rowan Dunlap', 'Full Stack Engineer', '379 Greenway Ln'),
('Mariah Arroyo', 'HR Manager', '380 Greenway Ln'),
('Nash Salgado', 'IT Service Desk Lead', '381 Greenway Ln'),
('Evangeline Hyde', 'Data Architect', '382 Greenway Ln'),
('Declan McFadden', 'Network Technician', '383 Greenway Ln'),
('Lucille Barry', 'Corporate Communications Manager', '384 Greenway Ln'),
('Ronan Carver', 'Financial Controller', '385 Greenway Ln'),
('Adalynn Blevins', 'Web Content Manager', '386 Greenway Ln'),
('Bryson Faulkner', 'Mobile UI Designer', '387 Greenway Ln'),
('Reagan Withers', 'Technical Recruiter', '388 Greenway Ln'),
('Matias Copeland', 'Cloud Infrastructure Engineer', '389 Greenway Ln'),
('Ophelia Key', 'Instructional Coordinator', '390 Greenway Ln'),
('Finnegan Pate', 'Platform Engineer', '391 Greenway Ln'),
('Margot Rosario', 'Knowledge Manager', '392 Greenway Ln'),
('Jude Bowman', 'Solution Consultant', '393 Greenway Ln'),
('Annalise Kent', 'Business Process Analyst', '394 Greenway Ln'),
('Lawson McDowell', 'Penetration Testing Specialist', '395 Greenway Ln'),
('Eloise Hagan', 'Operations Analyst', '396 Greenway Ln'),
('Zachary Ponce', 'CRM Specialist', '397 Greenway Ln'),
('Dahlia Munoz', 'IT Solutions Manager', '398 Greenway Ln'),
('Griffin Lott', 'Service Delivery Manager', '399 Greenway Ln'),
('Mckenna Ellison', 'Research Scientist', '400 Greenway Ln'),('Frederik Hansen', 'Manager', '45 Nyhavn Street'),
('Rosa Delgado', 'Developer', '18 Calle Real'),
('Andrew Collins', 'HR', '91 Maple Grove'),
('Lina Petrov', 'Designer', '77 Arbat Lane'),
('Samuel Wright', 'Tester', '39 Birch Crescent'),
('Fiona MacLeod', 'Developer', '15 Castle Hill'),
('Carlos Jimenez', 'Captain', 'SS Blue Horizon'),
('Mei-Ling Zhao', 'Developer', '23 Pearl Road'),
('Patrick Doyle', 'Manager', '84 Riverbank Avenue'),
('Aisha Khan', 'HR', '56 Rosewood Court'),
('Jasper Müller', 'Developer', '88 Linden Lane'),
('Noura Saleh', 'Tester', '102 Willow Court'),
('Diego Fernandes', 'Manager', '31 Ocean Drive'),
('Sofia Martins', 'Designer', '9 Park Crescent'),
('Ethan Rogers', 'Developer', '77 Sycamore Way'),
('Hiroshi Tanaka', 'Tester', '44 Cherry Blossom Road'),
('Grace O’Connor', 'HR', '22 Greenfield Street'),
('Valeria Rossi', 'Designer', '11 Piazza Roma'),
('Lucas Hernandez', 'Developer', '29 Golden Gate Blvd'),
('Anika Sharma', 'Manager', '13 Lotus Avenue'),
('Yusuf Ahmed', 'Developer', '89 Jasmine Street'),
('Thomas Weber', 'Tester', '64 Beechwood Drive'),
('Mariana Costa', 'Designer', '55 Atlantic Road'),
('Oliver Evans', 'Captain', 'SS Northern Star'),
('Elena Popov', 'Developer', '47 Winter Lane'),
('Rajesh Iyer', 'Manager', '71 Palm Grove'),
('Hannah Fischer', 'HR', '90 Maplewood Blvd'),
('Pedro Santos', 'Developer', '20 Coral Street'),
('Claire Dubois', 'Designer', '12 Rue Lafayette'),
('James Murphy', 'Tester', '101 Harbour Street'),
('Ahmed Hassan', 'Manager', '88 Palm Street'),
('Natalia Kaczmarek', 'Developer', '50 Oak Ridge Road'),
('Victor Hugo', 'Designer', '29 Montmartre Road'),
('Leila Karim', 'HR', '42 Dahlia Drive'),
('Oscar Silva', 'Tester', '33 Bluebell Crescent'),
('Emily Clarke', 'Manager', '19 Broadway Street'),
('Gabriel Costa', 'Developer', '7 Pinewood Lane'),
('Ivy Chen', 'Designer', '60 Gardenia Boulevard'),
('Felix Brown', 'Tester', '81 Elmwood Drive'),
('Sophia Lee', 'HR', '9 Highland Avenue'),
('Marcus Johnson', 'Developer', '55 Sunset Boulevard'),
('Tariq Al-Farsi', 'Manager', '98 Jasmine Gardens'),
('Amelie Laurent', 'Designer', '14 Rue de Provence'),
('Elliot Foster', 'Tester', '22 Rose Avenue'),
('Marta Kowalska', 'Developer', '78 Tulip Road'),
('Jonas Schmidt', 'Manager', '34 Hauptstraße'),
('Priya Mehta', 'HR', '15 Orchard Street'),
('Sebastian White', 'Developer', '12 Bayshore Avenue'),
('Hannah Müller', 'Designer', '26 Linden Grove'),
('Rafael Delgado', 'Tester', '87 Magnolia Street'),('Liam Bennett', 'Developer', '45 Hilltop Drive'),
('Ava Mitchell', 'Designer', '9 Cedarwood Lane'),
('Noah Richardson', 'Manager', '73 Brookside Ave'),
('Emma Howard', 'Tester', '88 Sunflower Street'),
('William Torres', 'HR', '12 Evergreen Blvd'),
('Mia Lopez', 'Developer', '101 Horizon Road'),
('James Kelly', 'Designer', '66 Aspen Court'),
('Charlotte Young', 'Manager', '28 Maple Grove'),
('Benjamin Scott', 'Tester', '44 Willow Way'),
('Amelia Adams', 'Developer', '52 Ocean Breeze Drive'),
('Elijah Roberts', 'Designer', '77 Lavender Avenue'),
('Isabella Hall', 'HR', '35 Pinewood Avenue'),
('Lucas Turner', 'Developer', '82 Cherry Lane'),
('Sophia Allen', 'Manager', '14 Elm Court'),
('Mason Wright', 'Tester', '27 Magnolia Lane'),
('Harper Hill', 'Developer', '91 Riverbend Street'),
('Ethan Phillips', 'Designer', '20 Rose Court'),
('Evelyn Campbell', 'HR', '65 Orchard Grove'),
('Logan Parker', 'Developer', '39 Summit Street'),
('Abigail Moore', 'Manager', '72 Golden Road'),
('Alexander Ward', 'Tester', '46 Birchwood Court'),
('Emily Bennett', 'Developer', '15 Clover Street'),
('Michael Hayes', 'Designer', '84 Lilac Lane'),
('Ella Perry', 'HR', '53 Vineyard Road'),
('Daniel Hughes', 'Developer', '29 Chestnut Street'),
('Avery Foster', 'Manager', '67 Maple Avenue'),
('Henry Simmons', 'Tester', '102 Cypress Lane'),
('Scarlett Reed', 'Developer', '17 Ocean View Drive'),
('Matthew Long', 'Designer', '25 Fern Street'),
('Sofia Rivera', 'HR', '12 Coral Lane'),
('David Bryant', 'Developer', '91 Oak Street'),
('Grace Sanders', 'Manager', '88 Garden Lane'),
('Christopher Barnes', 'Tester', '34 Willow Avenue'),
('Victoria Coleman', 'Developer', '60 Parkwood Drive'),
('Joseph Bell', 'Designer', '28 Beechwood Drive'),
('Madison Price', 'HR', '77 Linden Avenue'),
('Samuel Russell', 'Developer', '55 Seaview Road'),
('Penelope Brooks', 'Manager', '93 Meadow Lane'),
('Andrew Cook', 'Tester', '49 Magnolia Road'),
('Chloe Bailey', 'Developer', '21 Highland Street'),
('Jack Murphy', 'Designer', '100 Ashwood Drive'),
('Zoe Griffin', 'HR', '31 Redwood Court'),
('Ryan Diaz', 'Developer', '82 Summit Avenue'),
('Lily Morales', 'Manager', '56 Park Street'),
('Joshua Cooper', 'Tester', '73 Brook Lane'),
('Hannah Foster', 'Developer', '17 Cypress Grove'),
('Owen King', 'Designer', '42 Maple Court'),
('Natalie Rivera', 'HR', '64 Oakwood Drive'),
('Carter Scott', 'Developer', '93 River Street'),
('Addison Jenkins', 'Manager', '59 Rosewood Avenue'),
('Gabriel Perez', 'Tester', '19 Poplar Street'),
('Aria Howard', 'Developer', '44 Willow Glen'),
('Jayden Foster', 'Designer', '81 Birch Lane'),
('Brooklyn Ward', 'HR', '14 Sycamore Road'),
('Sebastian Hill', 'Developer', '72 Pineview Lane'),
('Audrey Kelly', 'Manager', '33 Heather Street'),
('Julian Bennett', 'Tester', '25 Park Lane'),
('Savannah Wood', 'Developer', '99 Sunset Road'),
('Levi Adams', 'Designer', '13 Dogwood Drive'),
('Stella Morgan', 'HR', '90 Garden Street'),
('Hudson Hughes', 'Developer', '47 Cedar Avenue'),
('Bella White', 'Manager', '62 Evergreen Lane'),
('Elias Rogers', 'Tester', '75 Laurel Street'),
('Paisley Foster', 'Developer', '58 Forest Drive'),
('Asher Evans', 'Designer', '27 Brookfield Road'),
('Violet Perry', 'HR', '80 Daisy Lane'),
('Isaiah Russell', 'Developer', '41 Blossom Road'),
('Lucy Collins', 'Manager', '14 Jasmine Court'),
('Ezekiel Mitchell', 'Tester', '54 Willowbrook Drive'),
('Claire Simmons', 'Developer', '33 Ivy Road'),
('Miles Reed', 'Designer', '99 Bayview Avenue'),
('Ellie Howard', 'HR', '16 Juniper Street'),
('Nathan Cook', 'Developer', '22 Orchard Lane'),
('Maya Brooks', 'Manager', '45 Rose Garden Avenue'),
('Caleb Wood', 'Tester', '18 Cedarwood Drive'),
('Hazel James', 'Developer', '37 Meadowbrook Lane'),
('Isaac Bennett', 'Designer', '50 Pine Hill Road'),
('Aurora Ross', 'HR', '91 Spring Street'),
('Anthony Long', 'Developer', '26 Hillcrest Avenue'),
('Sophie Foster', 'Manager', '74 Lakeside Road'),
('Jonathan Green', 'Tester', '83 Woodland Avenue'),
('Leah Evans', 'Developer', '12 Valley Road'),
('Dominic Kelly', 'Designer', '20 Fairview Street'),
('Sadie Peterson', 'HR', '36 Parkview Drive'),
('Christopher Adams', 'Developer', '42 Willow Glen Drive'),
('Nora Richardson', 'Manager', '28 Glenwood Avenue'),
('Evan Murphy', 'Tester', '85 Birch Hill Drive'),
('Hailey Mitchell', 'Developer', '97 Maple Hollow Road'),
('Nicholas Parker', 'Designer', '53 Elmwood Lane'),
('Ariana Torres', 'HR', '38 Lakeview Avenue'),
('Aaron Morris', 'Developer', '60 Crestwood Road'),
('Brooklyn Diaz', 'Manager', '79 Seaside Avenue'),
('Grayson Stewart', 'Tester', '19 Bayshore Road'),
('Camila Jenkins', 'Developer', '44 Riverbend Drive'),
('Lincoln West', 'Designer', '23 Highland Court'),
('Eleanor Hayes', 'HR', '67 Oak Hollow Drive');

-- ----------------------------------------------------------------
-- ----------------------------------------------------------------

INSERT INTO Branch (Branch_name, Address, Manager_id) VALUES
('  main office', ' 123 business st', 1),
('NORTH  REGION', '45 north ave  ', 3),('  west   division', NULL, 5),
('EAST-office', '  76 east blvd', 2),('central   HUB', '  98 center road ', 8),
('  south  branch', '  12 south street', 4),('International   HQ', '   555 global ave', 7),
('tech   campus', NULL, 6),(' innovation    lab', ' 42 idea lane', 9),
('MARKETING   CENTER', '   100 ad street', 10),('  creative    studio', ' 88 design lane ', 14),
('operations    hub', NULL, 18),('   research  base', '   404 lab street', 21),
('community    center', '  200 people road', 26),('logistics    depot', NULL, 29),
('  satellite    branch', ' 77 orbit street', 32),(' training   academy', '  150 learn ave', 35),
('west-coast    HQ', '   350 pacific blvd', 12),
('  digital    lab', NULL, 25),('strategic   unit', '   500 strategy st', 20),
('main office', '123 business st', 1),('NORTH REGION', '45 north ave', 3),
('west division', NULL, 5),('EAST office', '76 east blvd', 2),
('central HUB', '98 center road', 8),('south branch', '12 south street', 4),('International HQ', '555 global ave', 7),
('tech campus', NULL, 6),
('innovation lab', '42 idea lane', 9),('MARKETING CENTER', '100 ad street', 10),
('creative studio', '88 design lane', 14),('operations hub', NULL, 18),
('research base', '404 lab street', 21),('community center', '200 people road', 26),
('logistics depot', NULL, 29),('satellite branch', '77 orbit street', 32),
('training academy', '150 learn ave', 35),('west-coast HQ', '350 pacific blvd', 12),
('digital lab', NULL, 25),('strategic unit', '500 strategy st', 20),
('northwest office', '13 Pine Road', 36),('downtown branch', '27 Maple Street', 37),
('suburban hub', '55 Oak Avenue', 38),('riverside division', NULL, 39),
('eastside office', '72 Elm Street', 40),('uptown branch', '18 Birch Avenue', 41),
('harbor center', NULL, 42),('metro campus', '91 Cedar Road', 43),('westend studio', '34 Spruce Lane', 44),
('lakeview hub', NULL, 45),('southgate branch', '63 Willow Drive', 46),
('market district', '80 Poplar Street', 47),
('industrial park', NULL, 48),('tech innovation center', '44 Redwood Road', 49),
('central station', '58 Aspen Street', 50),('eastern plaza', NULL, 51),('greenfield hub', '22 Hazel Lane', 52),
('midtown office', '75 Pine Hill', 53),('westport branch', NULL, 54),
('riverfront station', '68 Maple Lane', 55),('sunnyvale office', '33 Chestnut Street', 56),
('northpoint branch', '90 Oakwood Avenue', 57),
('central park hub', NULL, 58),
('bayview division', '15 Spruce Street', 59),
('hilltop campus', '29 Cedar Lane', 60),
('maplewood studio', NULL, 61),('eastfield branch', '50 Birch Road', 62),
('southside office', '84 Willow Avenue', 63),
('downtown hub', NULL, 64),('lakefront branch', '42 Elm Street', 65),
('industrial center', '77 Hazel Lane', 66),('greenwood station', NULL, 67),('rivergate campus', '36 Maplewood Drive', 68),('sunset plaza', '59 Pine Street', 69),
('uptown division', NULL, 70),('hillcrest office', '83 Cedar Avenue', 71),('eastlake branch', '28 Birchwood Road', 72),
('westend hub', NULL, 73),('forest park station', '17 Willow Street', 74),('downtown campus', '65 Spruce Lane', 75),
('seaside branch', NULL, 76),('maple grove office', '49 Elm Avenue', 77),('central plaza', '81 Oak Street', 78),('lakeside division', NULL, 79),
('harborview hub', '38 Maple Lane', 80),('riverbend branch', '53 Cedar Street', 81),('eastgate office', NULL, 82),('northshore campus', '74 Birch Lane', 83),
('greenfield division', '26 Pine Road', 84),('sunrise hub', NULL, 85),('bayfront office', '67 Oak Avenue', 86),('uptown plaza', '39 Willow Road', 87),
('hillview branch', NULL, 88),('central station', '92 Spruce Avenue', 89),('riverside hub', '31 Maple Street', 90),('downtown office', NULL, 91),
('westgate branch', '60 Cedar Lane', 92),('lakeview campus', '24 Birchwood Road', 93),('foresthill division', NULL, 94),('sunset plaza', '41 Pine Street', 95),
('northpoint hub', '54 Oak Lane', 96),('central office', NULL, 97),('eastside branch', '70 Maple Street', 98),('harbor station', '35 Cedar Road', 99),
('southgate campus', NULL, 100),('riverfront division', '29 Birch Lane', 101),('uptown office', '88 Pine Avenue', 102),('westend plaza', NULL, 103),
('greenwood branch', '42 Oakwood Road', 104),('lakeside hub', '65 Spruce Street', 105),('downtown station', NULL, 106),('sunrise division', '51 Maple Lane', 107),
('bayfront office', '33 Cedar Avenue', 108),('hilltop campus', NULL, 109),('central plaza', '79 Birch Road', 110),('rivergate branch', '22 Pine Street', 111),
('northshore hub', NULL, 112),('eastgate office', '58 Oak Street', 113),('forestpark division', '41 Willow Lane', 114),('downtown plaza', NULL, 115),('lakeside branch', '36 Spruce Lane', 116),
('seaside office', '67 Maplewood Drive', 117),('greenfield hub', NULL, 118),('hillcrest division', '29 Cedar Street', 119),('sunset station', '83 Birch Lane', 120),
('northpoint campus', NULL, 121),('bayfront office', '42 Pine Road', 122),('uptown branch', '58 Oak Avenue', 123),('westgate hub', '35 Willow Street', 124),('central station', NULL, 125),
('riverbend office', '62 Maple Lane', 126),('downtown plaza', '18 Cedar Avenue', 127),('foresthill campus', NULL, 128),('sunrise division', '73 Birch Road', 129),
('northshore branch', '27 Pine Street', 130),('eastgate hub', NULL, 131),('lakeside office', '51 Oak Lane', 132),('harborview plaza', '39 Willow Road', 133),
('hilltop division', NULL, 134),('central branch', '60 Spruce Avenue', 135),('riverfront campus', '24 Maple Street', 136),('downtown office', NULL, 137),('bayfront hub', '65 Cedar Lane', 138),
('uptown plaza', '41 Birchwood Road', 139),('westend division', NULL, 140),('greenwood station', '54 Pine Street', 141),('sunset branch', '28 Oak Avenue', 142),
('northpoint office', NULL, 143),('central plaza', '70 Willow Lane', 144),('eastside hub', '33 Spruce Street', 145),('harbor campus', NULL, 146),('lakeside division', '77 Maple Lane', 147),
('hillcrest station', '36 Cedar Avenue', 148),('sunrise branch', NULL, 149),('northshore office', '53 Birch Road', 150),
('bayview branch', '45 Harbor Drive', 151),('northgate office', '38 Cedarwood Ave', 152),('eastside hub', NULL, 153),('hilltop center', '71 Spruce Street', 154),
('sunset plaza', '22 Oakwood Lane', 155),('downtown station', NULL, 156),('riverbend branch', '59 Maple Road', 157),
('uptown campus', '27 Pine Avenue', 158),('westport hub', '64 Birch Lane', 159),('greenfield office', NULL, 160),
('lakefront station', '33 Willow Road', 161),('foresthill branch', '52 Cedar Street', 162),('southgate plaza', NULL, 163),
('central campus', '46 Oak Avenue', 164),('northshore division', '20 Birch Lane', 165),('eastgate office', NULL, 166),('harborview hub', '55 Maple Street', 167),
('sunrise branch', '31 Pine Road', 168),('downtown center', NULL, 169),('westend campus', '44 Willow Lane', 170),('greenwood station', '29 Cedarwood Drive', 171),
('bayfront office', '60 Oak Street', 172),('uptown plaza', NULL, 173),('hillcrest branch', '34 Birch Lane', 174),('sunset division', '78 Maple Avenue', 175),
('northpoint hub', NULL, 176),('central station', '21 Pine Street', 177),('eastside branch', '43 Cedar Road', 178),('harbor campus', NULL, 179),
('lakeside plaza', '50 Willow Street', 180),('forestpark office', '25 Oakwood Lane', 181),('downtown hub', NULL, 182),('bayview division', '37 Birchwood Road', 183),
('uptown branch', '69 Maple Street', 184),('westgate center', NULL, 185),('greenfield station', '48 Pine Road', 186),('sunrise office', '30 Cedar Avenue', 187),
('northshore plaza', NULL, 188),('eastgate hub', '56 Willow Lane', 189),('harborview branch', '41 Oak Street', 190),('lakefront division', NULL, 191),
('foresthill campus', '23 Birch Lane', 192),('southgate office', '63 Maple Avenue', 193),('central plaza', NULL, 194),('northpoint branch', '29 Pine Street', 195),
('eastside hub', '54 Cedar Road', 196),('harbor campus', NULL, 197),('lakeside branch', '40 Willow Lane', 198),('hillcrest office', '22 Oakwood Drive', 199),
('sunset station', NULL, 200),('downtown campus', '65 Birchwood Road', 201),('riverbend hub', '28 Maple Street', 202),('uptown office', NULL, 203),
('westend branch', '35 Pine Avenue', 204),('greenwood plaza', '70 Cedar Road', 205),('sunrise division', NULL, 206),('northshore station', '31 Willow Lane', 207),
('eastgate campus', '59 Oak Street', 208),('harborview office', NULL, 209),('lakefront branch', '44 Birch Lane', 210),('foresthill division', '26 Maple Avenue', 211),
('downtown station', NULL, 212),('bayview campus', '50 Pine Street', 213),('uptown hub', '36 Cedar Road', 214),('westgate branch', NULL, 215),('greenfield office', '42 Willow Lane', 216),
('sunset plaza', '63 Oak Street', 217),('northpoint division', NULL, 218),('central hub', '39 Birch Lane', 219),('eastside branch', '57 Maple Avenue', 220),
('harbor campus', NULL, 221),('lakeside office', '24 Pine Street', 222),('hillcrest branch', '60 Cedar Road', 223),('sunrise division', NULL, 224),
('northshore plaza', '38 Willow Lane', 225),('bayfront station', NULL, 226),('uptown campus', '33 Oak Street', 227),('westend office', '55 Birch Lane', 228),('greenwood branch', NULL, 229),
('sunset hub', '27 Maple Avenue', 230),('northpoint office', '62 Pine Street', 231),('central plaza', NULL, 232),('eastside hub', '45 Cedar Road', 233),('harborview branch', '34 Willow Lane', 234),
('lakefront division', NULL, 235),('foresthill office', '49 Oak Street', 236),('downtown campus', '37 Birch Lane', 237),('bayview hub', NULL, 238),('uptown branch', '56 Maple Avenue', 239),
('westgate station', '40 Pine Street', 240);

INSERT INTO Inventory (Quantity, Branch_id, Book_id) VALUES
( '  10', 1, 1), (  5 , 1, 2), (NULL, 1, 3), ( ' 8 ', 2, 4), (12, 2, 5), ( '  0', 2, 6), ( 15, 3, 7), 
(NULL, 3, 8), ( '  4', 3, 9), (  7 , 4, 10), ( ' 2', 4, 11), (20, 5, 12), ( NULL, 5, 13), ( ' 18', 5, 14),
(  6 , 6, 15), ( '  11', 6, 1), (  9, 7, 2), (NULL, 7, 3), ( ' 13 ', 8, 4), (  1, 8, 5), ( ' 0', 8, 6),
(  25 , 9, 7), ( NULL, 9, 8), ( '  17', 9, 9), (  14, 10, 10), ( '  5', 10, 11), (  19 , 10, 12),
(1, 8, 5),(0, 8, 6),(25, 9, 7),(NULL, 9, 8),(17, 9, 9),(14, 10, 10),(5, 10, 11),(19, 10, 12),
(21, 11, 13),(3, 11, 14),(NULL, 11, 15),(7, 12, 16),(10, 12, 17),(0, 12, 18),(13, 13, 19),(16, 13, 20),
(NULL, 13, 21),(5, 14, 22),(9, 14, 23),(7, 14, 24),(11, 15, 25),(NULL, 15, 26),(18, 15, 27),(4, 16, 28),
(2, 16, 29),(15, 16, 30),(NULL, 17, 31),(8, 17, 32),(12, 17, 33),(10, 18, 34),(6, 18, 35),(NULL, 18, 36),
(9, 19, 37),(7, 19, 38),(3, 19, 39),(NULL, 20, 40),(14, 20, 41),(16, 20, 42),(0, 21, 43),(5, 21, 44),
(11, 21, 45),(10, 22, 46),(NULL, 22, 47),(9, 22, 48),(13, 23, 49),(4, 23, 50),(7, 23, 51),(NULL, 24, 52),
(8, 24, 53),(15, 24, 54),(6, 25, 55),(11, 25, 56),(10, 25, 57),(NULL, 26, 58),(14, 26, 59),(5, 26, 60),
(12, 27, 61),(0, 27, 62),(9, 27, 63),(NULL, 28, 64),(7, 28, 65),(8, 28, 66),(13, 29, 67),(6, 29, 68),
(15, 29, 69),(NULL, 30, 70),(10, 30, 71),(12, 30, 72),(0, 31, 73),(5, 31, 74),(NULL, 31, 75),(9, 32, 76),
(8, 32, 77),(15, 32, 78),(NULL, 33, 79),(12, 33, 80),(10, 33, 81),(6, 34, 82),(11, 34, 83),(NULL, 34, 84),
(13, 35, 85),(4, 35, 86),(7, 35, 87),(NULL, 36, 88),(8, 36, 89),(15, 36, 90),(6, 37, 91),(11, 37, 92),(10, 37, 93),
(NULL, 38, 94),(12, 38, 95),(5, 38, 96),(14, 39, 97),(7, 39, 98),(9, 39, 99),(NULL, 40, 100),(14, 1, 103),(NULL, 1, 104),
(7, 1, 105),(9, 2, 106),(0, 2, 107),(11, 2, 108),(15, 3, 109),(8, 3, 110),(NULL, 3, 111),(12, 4, 112),(5, 4, 113),
(10, 4, 114),(NULL, 5, 115),(7, 5, 116),(9, 5, 117),(11, 6, 118),(0, 6, 119),(14, 6, 120),(13, 7, 121),(NULL, 7, 122),
(4, 7, 123),(8, 8, 124),(6, 8, 125),(10, 8, 126),(NULL, 9, 127),(7, 9, 128),(9, 9, 129),(12, 10, 130),(5, 10, 131),(NULL, 10, 132),
(15, 11, 133),(8, 11, 134),(0, 11, 135),(9, 12, 136),(NULL, 12, 137),(13, 12, 138),(7, 13, 139),(11, 13, 140),(14, 13, 1),
(NULL, 14, 2),(5, 14, 3),(10, 14, 4),(8, 15, 5),(6, 15, 6),(NULL, 15, 7),(12, 16, 8),(7, 16, 9),(9, 16, 10),(11, 17, 11),
(NULL, 17, 12),(4, 17, 13),(8, 18, 14),(5, 18, 15),(10, 18, 16),(NULL, 19, 17),(6, 19, 18),(15, 19, 19),(13, 20, 20),(7, 20, 21),(NULL, 20, 22),
(9, 21, 23),(14, 21, 24),(11, 21, 25),(5, 22, 26),(0, 22, 27),(NULL, 22, 28),(10, 23, 29),(8, 23, 30),(7, 23, 31),(15, 24, 32),(NULL, 24, 33),
(9, 24, 34),(12, 25, 35),(6, 25, 36),(14, 25, 37),(NULL, 26, 38),(7, 26, 39),(5, 26, 40),(10, 27, 41),(9, 27, 42),(NULL, 27, 43),(11, 28, 44),
(13, 28, 45),(7, 28, 46),(4, 29, 47),(NULL, 29, 48),(10, 29, 49),(8, 30, 50),(5, 30, 51),(15, 30, 52),(NULL, 31, 53),(9, 31, 54),(12, 31, 55),
(7, 32, 56),(11, 32, 57),(14, 32, 58),(NULL, 33, 59),(5, 33, 60),(10, 33, 61),(6, 34, 62),(9, 34, 63),(7, 34, 64),(NULL, 35, 65),(13, 35, 66),
(11, 35, 67),(5, 35, 68),(10, 36, 69),(8, 36, 70),(NULL, 36, 71),(15, 37, 72),(7, 37, 73),(9, 37, 74),(12, 38, 75),(5, 38, 76),(NULL, 38, 77),(10, 39, 78),
(6, 39, 79),(14, 39, 80),(11, 40, 81),(7, 40, 82),
(NULL, 1, 83),(10, 1, 84),(7, 1, 85),(13, 2, 86),(5, 2, 87),(NULL, 2, 88),(9, 3, 89),(8, 3, 90),
(12, 3, 91),(15, 4, 92),(NULL, 4, 93),(6, 4, 94),(10, 5, 95),(7, 5, 96),(4, 5, 97),(NULL, 6, 98),
(11, 6, 99),(13, 6, 100),(8, 7, 101),(10, 7, 102),(7, 7, 103),(NULL, 8, 104),(9, 8, 105),(12, 8, 106),
(5, 9, 107),(14, 9, 108),(11, 9, 109),(NULL, 10, 110),(6, 10, 111),(10, 10, 112),(8, 11, 113),(13, 11, 114),
(7, 11, 115),(NULL, 12, 116),(9, 12, 117),(12, 12, 118),(5, 13, 119),(14, 13, 120),(11, 13, 121),(NULL, 14, 122),
(6, 14, 123),(10, 14, 124),(8, 15, 125),(7, 15, 126),(NULL, 15, 127),(13, 16, 128),(9, 16, 129),(12, 16, 130),
(5, 17, 131),(14, 17, 132),(NULL, 17, 133),(11, 18, 134),(10, 18, 135),(8, 18, 136),(7, 19, 137),(NULL, 19, 138),
(13, 20, 139),(9, 20, 140),(12, 20, 1),(5, 21, 2),(14, 21, 3),(NULL, 21, 4),(11, 22, 5),(10, 22, 6),(8, 22, 7),
(7, 23, 8),(NULL, 23, 9),(13, 23, 10),(9, 24, 11),(12, 24, 12),(5, 24, 13),(14, 25, 14),(NULL, 25, 15),(11, 25, 16),
(10, 26, 17),(8, 26, 18),(7, 26, 19),(NULL, 27, 20),(13, 27, 21),(9, 27, 22),(12, 28, 23),(NULL, 28, 24),
(10, 28, 25),(8, 29, 26),(7, 29, 27),(NULL, 29, 28),(14, 30, 29),(5, 30, 30),(11, 30, 31),(9, 31, 32),
(NULL, 31, 33),(13, 31, 34),(7, 32, 35),(10, 32, 36),(8, 32, 37),(6, 33, 38),(12, 33, 39),(NULL, 33, 40),
(14, 34, 41),(5, 34, 42),(11, 34, 43),(9, 35, 44),(NULL, 35, 45),(13, 35, 46),(7, 36, 47),(10, 36, 48),(8, 36, 49),
(NULL, 37, 50),(12, 37, 51),(5, 37, 52),(14, 38, 53),(NULL, 38, 54),(11, 38, 55),(10, 39, 56),(8, 39, 57),(7, 39, 58),
(NULL, 40, 59),(13, 40, 60),(9, 40, 61),(12, 1, 62),(5, 1, 63),(14, 1, 64),(NULL, 1, 65),(11, 2, 66),(10, 2, 67),(8, 2, 68),(7, 3, 69),(NULL, 3, 70),
(13, 3, 71),(9, 4, 72),(12, 4, 73),(5, 4, 74),(14, 5, 75),(NULL, 5, 76),(11, 5, 77),(10, 6, 78),
(8, 6, 79),(7, 6, 80),(NULL, 7, 81),(13, 7, 82),(9, 7, 83),(12, 8, 84),(5, 8, 85),(14, 8, 86),(NULL, 9, 87),
(11, 9, 88),(10, 9, 89),(8, 10, 90),(7, 10, 91),(NULL, 10, 92),(13, 11, 93),(9, 11, 94),(12, 11, 95),(5, 12, 96),
(14, 12, 97),(NULL, 12, 98),(11, 13, 99),(10, 13, 100),(8, 13, 101),(7, 14, 102);



INSERT INTO Customer (Customer_name, Email, Phone) VALUES
('Alice Johnson', 'alice.johnson@example.com', '555-0123'),('Bob Smith', 'bob_smith23@mail.com', '555-0456'),('Charlie Evans', 'cevans@mail.net', NULL),
('Denise O\'Connor', 'denise.o@mail.org', '555-0789'),('Evan Lee', 'evan.lee@domain.com', '555-0987'),('Fiona Zhang', 'fiona_zhang@mail.com', NULL),
('George King', 'gking@mail.com', '555-0101'),('Hannah White', NULL, '555-1122'),('Ivan Petrov', 'ivan.petrov@mail.ru', '555-1345'),
('Jasmine Yu', 'jasmine.yu@example.com', '555-1678'),('Karen Adams', 'k.adams@domain.com', '555-1234'),('Liam Brown', 'liam.brown@mail.com', '555-2234'),
('Mia Davis', NULL, '555-4567'),('Noah Wilson', 'noah_w@mail.net', '555-7890'),('Olivia Miller', 'olivia.miller@example.com', '555-8910'),
('Paul Garcia', 'p.garcia@mail.com', NULL),('Quinn Martinez', 'quinn.martinez@mail.org', '555-2222'),('Rachel Kim', 'rachel.kim@mail.net', '555-3333'),
('Sam Thomas', 'sam.thomas@mail.com', '555-4444'),('Tina Lopez', 'tina.lopez@mail.org', NULL),('Umar Khan', 'umar.khan@mail.com', '555-5555'),
('Vera Schmidt', 'vera.schmidt@mail.de', '555-6666'),('Will Hernandez', 'willh@mail.com', NULL),('Xena Rogers', 'xena.rogers@mail.com', '555-7777'),
('Yara Costa', 'yara.costa@mail.br', '555-8888'),('Zane Parker', 'zane.parker@mail.com', NULL),('Amy Long', 'amy.long@mail.com', '555-9999'),
('Ben Cook', NULL, '555-0000'),('Cathy Bell', 'cathy.bell@mail.com', '555-1111'),('Derek Stone', 'derek.stone@mail.com', '555-2223'),
('Fay Cooper', NULL, '555-4445'),('Grace Nguyen', 'grace.nguyen@mail.com', '555-5556'),('Hank Russell', 'hank.russell@mail.com', NULL),
('Ivy Sanders', 'ivy.sanders@mail.net', '555-6667'),('Jackie Owens', 'jackie.owens@mail.com', '555-7778'),('Karl Price', 'karl.price@mail.com', NULL),
('Lena Foster', 'lena.foster@mail.com', '555-8889'),('Mark Griffin', NULL, '555-9990'),('Nina Hughes', 'nina.hughes@mail.com', '555-0001'),
('Oscar Murphy', 'oscar.murphy@mail.com', '555-1010'),('Pamela Young', NULL, '555-1212'),('Quincy Bell', 'quincy.bell@mail.com', '555-1313'),
('Rita Simmons', 'rita.simmons@mail.com', NULL),('Steve Dixon', 'steve.dixon@mail.com', '555-1414'),('Tracy Bryant', 'tracy.bryant@mail.com', '555-1515'),
('Uma Foster', NULL, '555-1616'),('Victor Ray', 'victor.ray@mail.com', '555-1717'),('Wendy Neal', 'wendy.neal@mail.com', '555-1818'),
('Xander Flynn', 'xander.flynn@mail.com', NULL),('Eliot Matthews', 'eliot.matthews@mail.com', '555-3334'),('Fay Cooper', NULL, '555-4445'),
('Grace Nguyen', 'grace.nguyen@mail.com', '555-5556'),('Hank Russell', 'hank.russell@mail.com', NULL),
('Ivy Sanders', 'ivy.sanders@mail.net', '555-6667'),('Jackie Owens', 'jackie.owens@mail.com', '555-7778'),
('Karl Price', 'karl.price@mail.com', NULL),('Lena Foster', 'lena.foster@mail.com', '555-8889'),('Mark Griffin', NULL, '555-9990'),
('Nina Hughes', 'nina.hughes@mail.com', '555-0001'),('Oscar Murphy', 'oscar.murphy@mail.com', '555-1010'),
('Pamela Young', NULL, '555-1212'),('Quincy Bell', 'quincy.bell@mail.com', '555-1313'),('Rita Simmons', 'rita.simmons@mail.com', NULL),
('Steve Dixon', 'steve.dixon@mail.com', '555-1414'),('Tracy Bryant', 'tracy.bryant@mail.com', '555-1515'),('Uma Foster', NULL, '555-1616'),
('Victor Ray', 'victor.ray@mail.com', '555-1717'),('Wendy Neal', 'wendy.neal@mail.com', '555-1818'),
('Xander Flynn', 'xander.flynn@mail.com', NULL),('Aaron Matthews', 'aaron.matthews@mail.com', '555-4040'),
('Bethany Cruz', NULL, '555-4141'),('Cameron King', 'cameron.king@mail.com', '555-4242'),('Daisy Hill', 'daisy.hill@mail.com', NULL),
('Ethan Brooks', 'ethan.brooks@mail.com', '555-4343'),('Faith Lewis', 'faith.lewis@mail.com', NULL),
('Gavin Ward', 'gavin.ward@mail.com', '555-4444'),('Hailey Ross', 'hailey.ross@mail.com', NULL),
('Ian Bennett', 'ian.bennett@mail.com', '555-4545'),('Jenna Diaz', 'jenna.diaz@mail.com', NULL),
('Kelly scott', 'amber.lee@mail.com', '555-2020'),('Bryan Hall', 'bryan.hall@mail.com', NULL),('Carla Gomez', 'carla.gomez@mail.com', '555-2121'),
('darbi obrien', NULL, '555-2222'),('Ella Rogers', 'ella.rogers@mail.com', '555-2323'),('Franklin Lee', 'franklin.lee@mail.com', NULL),
('Gina Silver', 'gina.woods@mail.com', '555-2424'),('Harry Miller', 'harry.miller@mail.com', '555-2525'),('Irene Adams', NULL, '555-2626'),
('Jason Clark', 'jason.clark@mail.com', '555-2727'),('Kylie Turner', 'kylie.turner@mail.com', NULL),
('Lucas Scott', 'lucas.scott@mail.com', '555-2828'),('Maria Hall', 'maria.hall@mail.com', '555-2929'),
('Nathan Evans', NULL, '555-3030'),('Olga Bell', 'olga.bell@mail.com', '555-3131'),('Peter Young', 'peter.young@mail.com', NULL),
('Queen Foster', 'queen.foster@mail.com', '555-3232'),('Robert Diaz', 'robert.diaz@mail.com', '555-3333'),
('Hannah Kent', NULL, '555-3434'),('Tommy Barnes', 'tommy.barnes@mail.com', '555-3535'),
('Ulysses Ford', 'ulysses.ford@mail.com', NULL),('Vanessa Reed', 'vanessa.reed@mail.com', '555-3636'),
('Willow Kelly', 'willow.kelly@mail.com', '555-3737'),('Ximena Lopez', NULL, '555-3838'),
('Yusuf Wallace', 'yusuf.wallace@mail.com', '555-3939'),('Zoe Evans', 'zoe.evans@mail.com', NULL),
('Aaron Matthews', 'aaron.matthews@mail.com', '555-4040'),('Bethany Cruz', NULL, '555-4141'),
('Cameron King', 'cameron.king@mail.com', '555-4242'),('Daisy Hill', 'daisy.hill@mail.com', NULL),
('Ethan Brooks', 'ethan.brooks@mail.com', '555-4343'),('Faith Lewis', 'faith.lewis@mail.com', NULL),
('Gavin Ward', 'gavin.ward@mail.com', '555-4444'),('Hailey Ross', 'hailey.ross@mail.com', NULL),
('Ian Bennett', 'ian.bennett@mail.com', '555-4545'),('Jenna Diaz', 'jenna.diaz@mail.com', NULL),
('Kyle Cooper', 'kyle.cooper@mail.com', '555-4646'),('Lara Simmons', 'lara.simmons@mail.com', '555-4747'),
('Mike Daniels', NULL, '555-4848'),('Nora Fields', 'nora.fields@mail.com', NULL),('Owen Brooks', 'owen.brooks@mail.com', '555-4949'),
('Paula Grant', 'paula.grant@mail.com', '555-5050'),('Quentin Bell', NULL, '555-5151'),
('Rosa Morgan', 'rosa.morgan@mail.com', '555-5252'),('Sean Bailey', 'sean.bailey@mail.com', '555-5353'),
('Tara Hudson', 'tara.hudson@mail.com', NULL),('Umar Ali', 'umar.ali@mail.com', '555-5454'),('Violet West', NULL, '555-5555'),
('Wade Young', 'wade.young@mail.com', '555-5656'),('Ximena Flores', 'ximena.flores@mail.com', NULL),('Yosef Cohen', 'yosef.cohen@mail.com', '555-5757'),
('Zara Khan', NULL, '555-5858'),('Abel Ortiz', 'abel.ortiz@mail.com', '555-5959'),('Becca Lane', 'becca.lane@mail.com', NULL),
('Chris Mills', 'chris.mills@mail.com', '555-6060'),('Dina Rose', NULL, '555-6161'),('Eli Stone', 'eli.stone@mail.com', '555-6262'),
('Fiona Price', 'fiona.price@mail.com', NULL),('Gus Clark', 'gus.clark@mail.com', '555-6363'),('Holly West', NULL, '555-6464'),
('Ian Scott', 'ian.scott@mail.com', '555-6565'),('Jill Knight', 'jill.knight@mail.com', NULL),
('Karl Young', 'karl.young@mail.com', '555-6666'),('Leah Hill', NULL, '555-6767'),('Mason Lee', 'mason.lee@mail.com', '555-6868'),
('Nina King', 'nina.king@mail.com', NULL),('Omar Evans', 'omar.evans@mail.com', '555-6969'),('Penny Lewis', NULL, '555-7070'),
('Quinn Perry', 'quinn.perry@mail.com', '555-7171'),('Ralph Brooks', 'ralph.brooks@mail.com', NULL),('Sara Nelson', 'sara.nelson@mail.com', '555-7272'),
('Tom Woods', NULL, '555-7373'),('Usha Patel', 'usha.patel@mail.com', '555-7474'),('Vince Harris', 'vince.harris@mail.com', NULL),
('Willa Green', 'willa.green@mail.com', '555-7575'),('Xander Hall', NULL, '555-7676'),('Yara Adams', 'yara.adams@mail.com', '555-7777'),
('Zane Parker', NULL, '555-7878'),('Alicia Dean', 'alicia.dean@mail.com', '555-7979'),('Blake Ford', NULL, '555-8080'),
('Carly Gray', 'carly.gray@mail.com', '555-8181'),('Derek Hill', NULL, '555-8282'),('Elena James', 'elena.james@mail.com', '555-8383'),
('Felix Martin', NULL, '555-8484'),('Grace Norris', 'grace.norris@mail.com', '555-8585'),('Hank Olson', NULL, '555-8686'),
('Iris Patel', 'iris.patel@mail.com', '555-8787'),('Jake Quinn', NULL, '555-8888'),('Kara Ross', 'kara.ross@mail.com', '555-8989'),
('Liam Smith', NULL, '555-9090'),('Maya Thomas', 'maya.thomas@mail.com', '555-9191'),('Neil Vaughn', NULL, '555-9292'),
('Olga White', 'olga.white@mail.com', '555-9393'),('Pete Young', NULL, '555-9494'),('Queenie Zhao', 'queenie.zhao@mail.com', '555-9595'),
('Ryan Zimmerman', NULL, '555-9696'),('Sophie Allen', 'sophie.allen@mail.com', '555-9797'),('Tyler Brooks', NULL, '555-9898'),
('Una Carter', 'una.carter@mail.com', '555-9999'),('Victor Davis', NULL, '555-0001'),('Wendy Evans', 'wendy.evans@mail.com', '555-1112'),
('Xavier Foster', NULL, '555-1213'),('Yvonne Grant', 'yvonne.grant@mail.com', '555-1314'),('Zachary Hill', NULL, '555-1415'),
('Adam Walker', 'adam.walker@mail.com', '555-1516'),('Beatrice Collins', NULL, '555-1617'),('Caleb Edwards', 'caleb.edwards@mail.com', '555-1718'),
('Diana Flores', 'diana.flores@mail.com', NULL),('Evan Graham', 'evan.graham@mail.com', '555-1819'),
('Fiona Hayes', 'fiona.hayes@mail.com', NULL),('George Irving', 'george.irving@mail.com', '555-1920'),
('Hannah Jenkins', ' hannah.jenkins@mail.com ', NULL),('Isaac Knight', 'isaac.knight@mail.com', '555-2021'),
('Jasmine Lee', 'jasmine.lee@mail.com', NULL),('Keith Morgan', 'keith.morgan@mail.com', '555-2122'),
('Lily Nelson', NULL, '555-2223'),('Max OConnor', 'max.oconnor@mail.com', '555-2324'),('Nadia Patel', 'nadia.patel@mail.com', NULL),
('Oliver Quinn', 'oliver.quinn@mail.com', '555-2425'),('Paige Russell', NULL, '555-2526'),
('Quincy Stevens', 'quincy.stevens@mail.com', '555-2627'),('Rachel Turner', 'rachel.turner@mail.com', NULL),
('Samuel Vaughn', 'samuel.vaughn@mail.com', '555-2728'),('Tina Wallace', NULL, '555-2829'),
('Umar Xander', 'umar.xander@mail.com', '555-2930'),('Vanessa Young', 'vanessa.young@mail.com', NULL),
('Will Zimmerman', 'will.zimmerman@mail.com', '555-3031'),('Xena Abbott', NULL, '555-3132'),
('Yusuf Baker', 'yusuf.baker@mail.com', '555-3233'),('Zoe Campbell', 'zoe.campbell@mail.com', NULL),
('Abigail Davis', NULL, '555-3334'),('Brandon Evans', 'brandon.evans@mail.com', '555-3435'),
('Cassandra Foster', 'cassandra.foster@mail.com', NULL),('Derek Grant', 'derek.grant@mail.com', '555-3536'),
('Ella Harris', NULL, '555-3637'),('Felix Ingram', 'felix.ingram@mail.com', '555-3738'),
('Gloria Johnson', 'gloria.johnson@mail.com', NULL),('Harold King', NULL, '555-3839'),('Ivy Lewis', 'ivy.lewis@mail.com', '555-3940'),
('Jason Moore', NULL, '555-4041'),('Kylie Nelson', 'kylie.nelson@mail.com', '555-4142'),('Landon Ortiz', NULL, '555-4243'),
('Maya Phillips', 'maya.phillips@mail.com', '555-4344'),('Nathan Quinn', NULL, '555-4445'),
('Olivia Roberts', 'olivia.roberts@mail.com', '555-4546'),('Patrick Smith', NULL, '555-4647'),
('Quinn Taylor', 'quinn.taylor@mail.com', '555-4748'),('Rebecca Upton', NULL, '555-4849'),
('Steven Vaughn', 'steven.vaughn@mail.com', '555-4950'),('Tara Wells', NULL, '555-5051'),
('Ulysses Young', 'ulysses.young@mail.com', '555-5152'),('Victoria Zimmerman', NULL, '555-5253'),
('Walter Adams', 'walter.adams@mail.com', '555-5354'),('Xavier Barnes', NULL, '555-5455'),('Yolanda Clark', 'yolanda.clark@mail.com', '555-5556'),
('Zachary Davis', NULL, '555-5657'),('Amber Ellis', 'amber.ellis@mail.com', '555-5758'),('Brett Foster', NULL, '555-5859'),
('Claire Graham', 'claire.graham@mail.com', '555-5960'),('Dylan Harris', NULL, '555-6061'),('Eva James', 'eva.james@mail.com', '555-6162'),('Frederick King', NULL, '555-6263'),
('Grace Lee', 'grace.lee@mail.com', '555-6364'),('Henry Mitchell', NULL, '555-6465'),('Isla Nelson', 'isla.nelson@mail.com', '555-6566'),
('Jack Owens', NULL, '555-6667'),('Kara Price', 'kara.price@mail.com', '555-6768'),('Liam Quinn', NULL, '555-6869'),('Molly Roberts', 'molly.roberts@mail.com', '555-6970'),
('Noah Smith', NULL, '555-7071'),('Olive Thompson', 'olive.thompson@mail.com', '555-7172'),('Paul Underwood', NULL, '555-7273'),('Quinn Vincent', 'quinn.vincent@mail.com', '555-7374'),
('Rose Walker', NULL, '555-7475'),('Sean Xavier', 'sean.xavier@mail.com', '555-7576'),('Tina Young', NULL, '555-7677'),
('Umar Zimmerman', 'umar.zimmerman@mail.com', '555-7778'),('Violet Adams', NULL, '555-7879'),('Will Barnes', 'will.barnes@mail.com', '555-7980'),
('Xena Clark', NULL, '555-8081'),('Yusuf Davis', 'yusuf.davis@mail.com', '555-8182'),('Zoe Ellis', NULL, '555-8283'),('Aaron Foster', 'aaron.foster@mail.com', '555-8384'),
('Bianca Graham', NULL, '555-8485'),('Carl Harris', 'carl.harris@mail.com', '555-8586'),('Diana Irving', NULL, '555-8687'),('Eli Jenkins', 'eli.jenkins@mail.com', '555-8788'),
('Fiona King', NULL, '555-8889'),('George Lewis', 'george.lewis@mail.com', '555-8990'),('Hannah Mitchell', NULL, '555-9091'),('Isaac Nelson', 'isaac.nelson@mail.com', '555-9192'),
('Jenna Owens', NULL, '555-9293'),('Kyle Price', 'kyle.price@mail.com', '555-9394'),('Lara Quinn', NULL, '555-9495'),('Mason Roberts', 'mason.roberts@mail.com', '555-9596'),
('Nina Smith', NULL, '555-9697'),('Owen Thompson', 'owen.thompson@mail.com', '555-9798'),('Paula Underwood', NULL, '555-9899'),('Quentin Vincent', 'quentin.vincent@mail.com', '555-9900'),
('Rachel Walker', NULL, '555-10001'),('Samuel Xavier', 'samuel.xavier@mail.com', '555-10002'),('Tara Young', NULL, '555-10003'),
('Usha Zimmerman', 'usha.zimmerman@mail.com', '555-10004'),('Victor Adams', NULL, '555-10005'),('Wendy Barnes', 'wendy.barnes@mail.com', '555-10006'),('Xavier Clark', NULL, '555-10007'),
('Yara Davis', 'yara.davis@mail.com', '555-10008'),('Zachary Ellis', NULL, '555-10009'),('Alice Foster', 'alice.foster@mail.com', '555-10010'),
('Brandon Graham', NULL, '555-10011'),('Cynthia Harris', 'cynthia.harris@mail.com', '555-10012'),
('David Irving', NULL, '555-10013'),('Emma Jenkins', 'emma.jenkins@mail.com', '555-10014'),('Frank King', NULL, '555-10015'),
('Gina Lewis', 'gina.lewis@mail.com', '555-10016'),('Harry Mitchell', NULL, '555-10017'),
('Isabel Nelson', 'isabel.nelson@mail.com', '555-10018'),('Jake Owens', NULL, '555-10019'),
('Kelly Price', 'kelly.price@mail.com', '555-10020'),('Liam Quinn', NULL, '555-10021'),('Mia Roberts', 'mia.roberts@mail.com', '555-10022'),
('Noah Smith', NULL, '555-10023'),('Olivia Thompson', 'olivia.thompson@mail.com', '555-10024'),
('Aiden Brooks', 'aiden.brooks@mail.com', '555-10025'),('Bella Carter', NULL, '555-10026'),
('Calvin Diaz', 'calvin.diaz@mail.com', '555-10027'),('Delilah Evans', 'delilah.evans@mail.com', NULL),
('Eli Foster', 'eli.foster@mail.com', '555-10028'),('Faith Garcia', 'faith.garcia@mail.com', NULL),
('Gavin Harris', 'gavin.harris@mail.com', '555-10029'),('Hailey Jackson', 'hailey.jackson@mail.com', NULL),
('Ian Kelly', 'ian.kelly@mail.com', '555-10030'),('Jasmine Lee', 'jasmine.lee@mail.com', NULL),
('Kaden Miller', 'kaden.miller@mail.com', '555-10031'),('Lila Nelson', NULL, '555-10032'),
('Mason Owens', 'mason.owens@mail.com', '555-10033'),('Nora Parker', 'nora.parker@mail.com', NULL),
('Owen Quinn', 'owen.quinn@mail.com', '555-10034'),('Piper Reed', NULL, '555-10035'),
('Quentin Scott', 'quentin.scott@mail.com', '555-10036'),('Riley Turner', 'riley.turner@mail.com', NULL),
('Sophia Vaughn', 'sophia.vaughn@mail.com', '555-10037'),('Tyler White', NULL, '555-10038'),
('Uma Young', 'uma.young@mail.com', '555-10039'),('Victor Zane', NULL, '555-10040'),
('Wendy Allen', 'wendy.allen@mail.com', '555-10041'),('Xander Brooks', NULL, '555-10042'),
('Yara Clark', 'yara.clark@mail.com', '555-10043'),('Zane Davis', NULL, '555-10044'),
('Amber Edwards', 'amber.edwards@mail.com', '555-10045'),('Blake Foster', NULL, '555-10046'),('Cora Grant', 'cora.grant@mail.com', '555-10047'),
('Derek Hill', NULL, '555-10048'),('Ella Johnson', 'ella.johnson@mail.com', '555-10049'),('Felix King', NULL, '555-10050');



INSERT INTO Sale (Type, Sale_date, Branch_id, Customer_id, Employee_id) VALUES
('Online', '2021-01-05', 1, 1, 2),
('In-store', '2021-02-12', 2, 2, 3),
('ONLINE', '2021-03-15', 3, 3, 5),
('In Store', '2021-04-20', 4, 4, 8),
('online ', '2021-05-25', 5, 5, 9),
('IN-STORE', '2021-06-18', 6, 6, 12),
('Online', '2021-07-30', 7, 7, 15),
('in-store', '2021-08-05', 8, 8, 18),
('Online', '2021-09-12', 9, 9, 21),
('In-store', '2021-10-19', 10, 10, 25),
('Online', '2021-11-23', 11, 11, 26),
('in store', '2021-12-01', 12, 12, 29),
('Online', '2022-01-08', 13, 13, 32),
('In-Store', '2022-02-14', 14, 14, 35),
('online', '2022-03-22', 15, 15, 12),
('In Store', '2022-04-30', 16, 16, 20),
('ONLINE', '2022-05-05', 17, 17, 18),

('in-store', '2022-06-11', 18, 18, 15),
('Online', '2022-07-19', 19, 19, 9),
('IN-STORE', '2022-08-25', 20, 20, 6),
('online', '2022-09-12', 1, 21, 3),
('In-store', '2022-10-18', 2, 22, 2),
('Online', '2022-11-20', 3, 23, 5),
('in-store', '2022-12-25', 4, 24, 8),
('Online', '2023-01-15', 5, 25, 12),
('In-store', '2023-02-20', 6, 26, 15),
('online', '2023-03-18', 7, 27, 18),
('In Store', '2023-04-22', 8, 28, 21),
('Online', '2023-05-30', 9, 29, 25),
('in-store', '2023-06-14', 10, 30, 26),
('Online', '2023-07-10', 11, 31, 29),
('In-store', '2023-08-08', 12, 32, 32),
('online', '2023-09-12', 13, 33, 35),
('IN-STORE', '2023-10-20', 14, 34, 12),
('Online', '2023-11-18', 15, 35, 20),
('in-store', '2023-12-25', 16, 36, 18),
('Online', '2024-01-05', 17, 37, 15),
('In Store', '2024-02-11', 18, 38, 9),
('online', '2024-03-19', 19, 39, 6),
('IN-STORE', '2024-04-27', 20, 40, 3),
('Online', '2024-05-08', 1, 41, 2),
('in-store', '2024-06-15', 2, 42, 5),
('Online', '2024-07-22', 3, 43, 8),
('In-store', '2024-08-30', 4, 44, 12),
('online', '2024-09-12', 5, 45, 15),
('In Store', '2024-10-18', 6, 46, 18),
('Online', '2024-11-25', 7, 47, 21),
('in-store', '2024-12-31', 8, 48, 25),
('Online', '2025-01-05', 9, 49, 26),
('IN-STORE', '2025-02-12', 10, 50, 29),
('online', '2025-03-19', 11, 51, 32),
('In-store', '2025-04-27', 12, 52, 35),
('Online', '2025-05-05', 13, 53, 12),
('in-store', '2025-06-14', 14, 54, 20),
('Online', '2025-07-20', 15, 55, 18),
('IN-STORE', '2025-08-25', 16, 56, 15),
('online', '2025-09-12', 17, 57, 9),
('In Store', '2025-10-18', 18, 58, 6),
('Online', '2025-11-22', 19, 59, 3),
('in-store', '2025-12-30', 20, 60, 2),
('Online', '2026-01-10', 1, 61, 5),
('IN-STORE', '2026-02-16', 2, 62, 8),
('online', '2026-03-23', 3, 63, 12),
('In Store', '2026-04-30', 4, 64, 15),
('Online', '2026-05-06', 5, 65, 18),
('in-store', '2026-06-14', 6, 66, 21),
('Online', '2026-07-22', 7, 67, 25),
('IN-STORE', '2026-08-30', 8, 68, 26),
('online', '2026-09-07', 9, 69, 29),
('In Store', '2026-10-15', 10, 70, 32),
('Online', '2026-11-23', 11, 71, 35),
('in-store', '2026-12-31', 12, 72, 12),
('Online', '2027-01-08', 13, 73, 20),
('IN-STORE', '2027-02-14', 14, 74, 18),
('online', '2027-03-22', 15, 75, 15),
('In Store', '2027-04-30', 16, 76, 9),
('Online', '2027-05-05', 17, 77, 6),
('in-store', '2027-06-11', 18, 78, 3),
('Online', '2027-07-19', 19, 79, 2),
('IN-STORE', '2027-08-25', 20, 80, 5),
('online', '2027-09-12', 1, 81, 8),
('In Store', '2027-10-18', 2, 82, 12),
('Online', '2027-11-25', 3, 83, 15),
('in-store', '2027-12-31', 4, 84, 18),
('Online', '2028-01-05', 5, 85, 21),
('IN-STORE', '2028-02-12', 6, 86, 25),
('online', '2028-03-19', 7, 87, 26),
('In Store', '2028-04-27', 8, 88, 29),
('Online', '2028-05-05', 9, 89, 32),
('in-store', '2028-06-14', 10, 90, 35),
('Online', '2028-07-20', 11, 91, 12),
('IN-STORE', '2028-08-25', 12, 92, 20),
('online', '2028-09-12', 13, 93, 18),
('In Store', '2028-10-18', 14, 94, 15),
('Online', '2028-11-22', 15, 95, 9),
('in-store', '2028-12-30', 16, 96, 6),
('Online', '2029-01-10', 17, 97, 3),
('IN-STORE', '2029-02-16', 18, 98, 2),
('online', '2029-03-23', 19, 99, 5),
('In Store', '2029-04-30', 20, 100, 8),
('Online', '2029-05-07', 1, 101, 12),
('in-store', '2029-06-15', 2, 102, 15),
('Online', '2029-07-22', 3, 103, 18),
('IN-STORE', '2029-08-30', 4, 104, 21),
('online', '2029-09-07', 5, 105, 25),
('In Store', '2029-10-15', 6, 106, 26),
('Online', '2029-11-23', 7, 107, 29),
('in-store', '2029-12-31', 8, 108, 32),
('Online', '2030-01-08', 9, 109, 35),
('IN-STORE', '2030-02-14', 10, 110, 12),
('online', '2030-03-22', 11, 111, 20),
('In Store', '2030-04-30', 12, 112, 18),
('Online', '2030-05-05', 13, 113, 15),
('in-store', '2030-06-11', 14, 114, 9),
('Online', '2030-07-19', 15, 115, 6),
('IN-STORE', '2030-08-25', 16, 116, 3),
('online', '2030-09-12', 17, 117, 2),
('In Store', '2030-10-18', 18, 118, 5),
('Online', '2030-11-22', 19, 119, 8),
('in-store', '2030-12-30', 20, 120, 12),
('Online', '2031-01-10', 1, 121, 15),
('IN-STORE', '2031-02-16', 2, 122, 18),
('online', '2031-03-23', 3, 123, 21),
('In Store', '2031-04-30', 4, 124, 25),
('Online', '2031-05-06', 5, 125, 26),
('in-store', '2031-06-14', 6, 126, 29),
('Online', '2031-07-22', 7, 127, 32),
('IN-STORE', '2031-08-30', 8, 128, 35),
('online', '2031-09-07', 9, 129, 12),
('In Store', '2031-10-15', 10, 130, 20),
('Online', '2031-11-23', 11, 131, 18),
('in-store', '2031-12-31', 12, 132, 15),
('Online', '2032-01-08', 13, 133, 9),
('IN-STORE', '2032-02-14', 14, 134, 6),
('online', '2032-03-22', 15, 135, 3),
('In Store', '2032-04-30', 16, 136, 2),
('Online', '2032-05-05', 17, 137, 5),
('in-store', '2032-06-11', 18, 138, 8),
('Online', '2032-07-19', 19, 139, 12),
('IN-STORE', '2032-08-25', 20, 140, 15),
('online', '2032-09-12', 1, 141, 18),
('In Store', '2032-10-18', 2, 142, 21),
('Online', '2032-11-22', 3, 143, 25),
('in-store', '2032-12-30', 4, 144, 26),
('Online', '2033-01-10', 5, 145, 29),
('IN-STORE', '2033-02-16', 6, 146, 32),
('online', '2033-03-23', 7, 147, 35),
('In Store', '2033-04-30', 8, 148, 12),
('Online', '2033-05-06', 9, 149, 20),
('in-store', '2033-06-14', 10, 150, 18),
('Online', '2033-07-22', 11, 151, 15),
('IN-STORE', '2033-08-30', 12, 152, 9),
('online', '2033-09-07', 13, 153, 6),
('In Store', '2033-10-15', 14, 154, 3),
('Online', '2033-11-23', 15, 155, 2),
('in-store', '2033-12-31', 16, 156, 5),
('Online', '2034-01-08', 17, 157, 8),
('IN-STORE', '2034-02-14', 18, 158, 12),
('online', '2034-03-22', 19, 159, 15),
('In Store', '2034-04-30', 20, 160, 18),
('Online', '2034-05-05', 1, 161, 21),
('in-store', '2034-06-11', 2, 162, 25),
('Online', '2034-07-19', 3, 163, 26),
('IN-STORE', '2034-08-25', 4, 164, 29),
('online', '2034-09-12', 5, 165, 32),
('In Store', '2034-10-18', 6, 166, 35),
('Online', '2034-11-22', 7, 167, 12),
('in-store', '2034-12-30', 8, 168, 20),
('Online', '2035-01-10', 9, 169, 18),
('IN-STORE', '2035-02-16', 10, 170, 15),
('online', '2035-03-23', 11, 171, 9),
('In Store', '2035-04-30', 12, 172, 6),
('Online', '2035-05-06', 13, 173, 3),
('in-store', '2035-06-14', 14, 174, 2),
('Online', '2035-07-22', 15, 175, 5),
('IN-STORE', '2035-08-30', 16, 176, 8),
('online', '2035-09-07', 17, 177, 12),
('In Store', '2035-10-15', 18, 178, 15),
('Online', '2035-11-23', 19, 179, 18),
('in-store', '2035-12-31', 20, 180, 21),
('Online', '2036-01-08', 1, 181, 25),
('IN-STORE', '2036-02-14', 2, 182, 26),
('online', '2036-03-22', 3, 183, 29),
('In Store', '2036-04-30', 4, 184, 32),
('Online', '2036-05-05', 5, 185, 35),
('in-store', '2036-06-11', 6, 186, 12),
('Online', '2036-07-19', 7, 187, 20),
('IN-STORE', '2036-08-25', 8, 188, 18),
('online', '2036-09-12', 9, 189, 15),
('In Store', '2036-10-18', 10, 190, 9),
('Online', '2036-11-22', 11, 191, 6),
('in-store', '2036-12-30', 12, 192, 3),
('Online', '2037-01-10', 13, 193, 2),
('IN-STORE', '2037-02-16', 14, 194, 5),
('online', '2037-03-23', 15, 195, 8),
('In Store', '2037-04-30', 16, 196, 12),
('Online', '2037-05-06', 17, 197, 15),
('in-store', '2037-06-14', 18, 198, 18),
('Online', '2037-07-22', 19, 199, 21),
('IN-STORE', '2037-08-30', 20, 200, 25),
('Online', '2037-09-07', 1, 201, 26),
('in-store', '2037-10-15', 2, 202, 29),
('Online', '2037-11-23', 3, 203, 32),
('IN-STORE', '2037-12-31', 4, 204, 35),
('online', '2038-01-08', 5, 205, 12),
('In Store', '2038-02-14', 6, 206, 20),
('Online', '2038-03-22', 7, 207, 18),
('in-store', '2038-04-30', 8, 208, 15),
('Online', '2038-05-06', 9, 209, 9),
('IN-STORE', '2038-06-14', 10, 210, 6),
('online', '2038-07-22', 11, 211, 3),
('In Store', '2038-08-30', 12, 212, 2),
('Online', '2038-09-07', 13, 213, 5),
('in-store', '2038-10-15', 14, 214, 8),
('Online', '2038-11-23', 15, 215, 12),
('IN-STORE', '2038-12-31', 16, 216, 15),
('online', '2039-01-08', 17, 217, 18),
('In Store', '2039-02-14', 18, 218, 21),
('Online', '2039-03-22', 19, 219, 25),
('in-store', '2039-04-30', 20, 220, 26),
('Online', '2039-05-06', 1, 221, 29),
('IN-STORE', '2039-06-14', 2, 222, 32),('online', '2039-07-22', 3, 223, 35),
('In Store', '2039-08-30', 4, 224, 12),('Online', '2039-09-07', 5, 225, 20),
('in-store', '2039-10-15', 6, 226, 18),('Online', '2039-11-23', 7, 227, 15),
('IN-STORE', '2039-12-31', 8, 228, 9), ('online', '2040-01-08', 9, 229, 6),
('In Store', '2040-02-14', 10, 230, 3),('Online', '2040-03-22', 11, 231, 2),('in-store', '2040-04-30', 12, 232, 5),
('Online', '2040-05-06', 13, 233, 8),('IN-STORE', '2040-06-14', 14, 234, 12),
('online', '2040-07-22', 15, 235, 15),('In Store', '2040-08-30', 16, 236, 18),
('Online', '2040-09-07', 17, 237, 21),
('in-store', '2040-10-15', 18, 238, 25),('Online', '2040-11-23', 19, 239, 26),
('IN-STORE', '2040-12-31', 20, 240, 29),('online', '2041-01-08', 1, 241, 32),('In Store', '2041-02-14', 2, 242, 35),
('Online', '2041-03-22', 3, 243, 12),('in-store', '2041-04-30', 4, 244, 20),
('Online', '2041-05-06', 5, 245, 18),('IN-STORE', '2041-06-14', 6, 246, 15),
('online', '2041-07-22', 7, 247, 9),
('In Store', '2041-08-30', 8, 248, 6),
('Online', '2041-09-07', 9, 249, 3),
('in-store', '2041-10-15', 10, 250, 2),('Online', '2041-11-23', 11, 251, 5),
('IN-STORE', '2041-12-31', 12, 252, 8),('online', '2042-01-08', 13, 253, 12),
('In Store', '2042-02-14', 14, 254, 15),('Online', '2042-03-22', 15, 255, 18),
('in-store', '2042-04-30', 16, 256, 21),('Online', '2042-05-06', 17, 257, 25),
('IN-STORE', '2042-06-14', 18, 258, 26),('online', '2042-07-22', 19, 259, 29),
('In Store', '2042-08-30', 20, 260, 32),('Online', '2042-09-07', 1, 261, 35),
('in-store', '2042-10-15', 2, 262, 263),('Online', '2042-11-23', 3, 263, 12),
('IN-STORE', '2042-12-31', 4, 264, 20),('online', '2043-01-08', 5, 265, 18),
('In Store', '2043-02-14', 6, 266, 15),('Online', '2043-03-22', 7, 267, 9),
('in-store', '2043-04-30', 8, 268, 6),('Online', '2043-05-06', 9, 269, 3),
('IN-STORE', '2043-06-14', 10, 270, 2),('online', '2043-07-22', 11, 271, 5),
('In Store', '2043-08-30', 12, 272, 8),('Online', '2043-09-07', 13, 273, 12),
('in-store', '2043-10-15', 14, 274, 15),
('Online', '2043-11-23', 15, 275, 18),('IN-STORE', '2043-12-31', 16, 276, 21),
('online', '2044-01-08', 17, 277, 25),('In Store', '2044-02-14', 18, 278, 26),
('Online', '2044-03-22', 19, 279, 29),('in-store', '2044-04-30', 20, 280, 32),
('Online', '2044-05-06', 1, 281, 35),('IN-STORE', '2044-06-14', 2, 282, 12),
('online', '2044-07-22', 3, 283, 20),('In Store', '2044-08-30', 4, 284, 18),
('Online', '2044-09-07', 5, 285, 15),('in-store', '2044-10-15', 6, 286, 9),
('Online', '2044-11-23', 7, 287, 6),('IN-STORE', '2044-12-31', 8, 288, 3),
('online', '2045-01-08', 9, 289, 2),
('In Store', '2045-02-14', 10, 290, 5),('Online', '2045-03-22', 11, 291, 8),
('in-store', '2045-04-30', 12, 292, 12),('Online', '2045-05-06', 13, 293, 15),
('IN-STORE', '2045-06-14', 14, 294, 18),('online', '2045-07-22', 15, 295, 21),
('In Store', '2045-08-30', 16, 296, 25),('Online', '2045-09-07', 17, 297, 26),
('in-store', '2045-10-15', 18, 298, 29),('Online', '2045-11-23', 19, 299, 32),
('IN-STORE', '2045-12-31', 20, 300, 35),('Online', '2046-01-08', 1, 301, 12),
('in-store', '2046-02-14', 2, 302, 20),
('Online', '2046-03-22', 3, 303, 18),('IN-STORE', '2046-04-30', 4, 304, 15),
('online', '2046-05-06', 5, 305, 9),('In Store', '2046-06-14', 6, 306, 6),
('Online', '2046-07-22', 7, 307, 3),('in-store', '2046-08-30', 8, 308, 2),
('Online', '2046-09-07', 9, 309, 5),('IN-STORE', '2046-10-15', 10, 310, 8),
('online', '2046-11-23', 11, 311, 12),('In Store', '2046-12-31', 12, 312, 15),
('Online', '2047-01-08', 13, 313, 18),('in-store', '2047-02-14', 14, 314, 21),
('Online', '2047-03-22', 15, 315, 25),('IN-STORE', '2047-04-30', 16, 316, 26),
('online', '2047-05-06', 17, 317, 29),('In Store', '2047-06-14', 18, 318, 32),
('Online', '2047-07-22', 19, 319, 35),('in-store', '2047-08-30', 20, 320, 12),
('Online', '2047-09-07', 1, 321, 20),('IN-STORE', '2047-10-15', 2, 322, 18),
('online', '2047-11-23', 3, 323, 15),
('In Store', '2047-12-31', 4, 324, 9), ('Online', '2048-01-08', 5, 325, 6),
('in-store', '2048-02-14', 6, 326, 3),('Online', '2048-03-22', 7, 327, 2),
('IN-STORE', '2048-04-30', 8, 328, 5),('online', '2048-05-06', 9, 329, 8),
('In Store', '2048-06-14', 10, 330, 12), ('Online', '2048-07-22', 11, 331, 15),
('in-store', '2048-08-30', 12, 332, 18),('Online', '2048-09-07', 13, 333, 21);

-- ---------------------------------------------------------------

-- INSERT INTO SaleLine (Quantity, Unit_price, Book_id, Sale_id) VALUES


-- ---------------------------------------------------------------


-- select distinct count(*) from Review;
INSERT INTO Review (Rating, Comment, Customer_id, Book_id)
SELECT
    CASE 
        WHEN RAND() < 0.1 THEN CONCAT(FLOOR(1 + RAND()*5), 'a')   -- numbers with letter
        WHEN RAND() < 0.1 THEN 'x'                                -- just a letter
        WHEN RAND() < 0.1 THEN FLOOR(6 + RAND()*2)                 -- invalid > 5
        ELSE FLOOR(1 + RAND()*5)                                  -- valid rating
    END AS Rating,

    -- Messy comment
    CASE 
        WHEN RAND() < 0.2 THEN CONCAT('great book!!!', REPEAT('!', FLOOR(RAND()*5))) 
        WHEN RAND() < 0.2 THEN CONCAT('  ', 'very boring', REPEAT(' ', FLOOR(RAND()*3))) 
        WHEN RAND() < 0.2 THEN 'LOVED IT ❤️❤️❤️' 
        ELSE CONCAT('This is a review ', FLOOR(RAND()*1000))
    END AS Comment,

    FLOOR(1 + RAND()*200) AS Customer_id,  -- random customer
    FLOOR(1 + RAND()*40) AS Book_id       -- random book

FROM 
    (SELECT 1 UNION ALL SELECT 2 UNION ALL SELECT 3 UNION ALL SELECT 4 UNION ALL SELECT 5
     UNION ALL SELECT 6 UNION ALL SELECT 7 UNION ALL SELECT 8 UNION ALL SELECT 9 UNION ALL SELECT 10) t1,
    (SELECT 1 UNION ALL SELECT 2 UNION ALL SELECT 3 UNION ALL SELECT 4 UNION ALL SELECT 5) t2
LIMIT 500;

INSERT INTO SaleLine (Quantity, Unit_price, Book_id, Sale_id)
SELECT 
    CASE 
        WHEN RAND() < 0.3 THEN CONCAT(FLOOR(RAND()*10+1), 'abc')  -- 30% chance numbers+letters
        WHEN RAND() < 0.2 THEN CONCAT('x', FLOOR(RAND()*10+1))    -- 20% chance letter+number
        ELSE FLOOR(RAND()*10+1)                                   -- normal numbers
    END,
    ROUND(RAND()*100, 2),           -- Random price
    FLOOR(1 + RAND()*40),           -- Book_id
    FLOOR(1 + RsalelineAND()*50)            -- Sale_id
FROM 
    (SELECT 1 UNION ALL SELECT 2 UNION ALL SELECT 3 UNION ALL SELECT 4 UNION ALL SELECT 5
     UNION ALL SELECT 6 UNION ALL SELECT 7 UNION ALL SELECT 8 UNION ALL SELECT 9 UNION ALL SELECT 10) t1,
    (SELECT 1 UNION ALL SELECT 2 UNION ALL SELECT 3 UNION ALL SELECT 4 UNION ALL SELECT 5) t2
LIMIT 300;
